,temporada,competicion,Rk,Squad,Notes
0,2022,Premier League,1,Manchester City,→ Champions League via league finish
1,2022,Premier League,2,Arsenal,→ Champions League via league finish
2,2022,Premier League,3,Manchester Utd,→ Champions League via league finish
3,2022,Premier League,4,Newcastle Utd,→ Champions League via league finish
4,2022,Premier League,5,Liverpool,→ Europa League via league finish
5,2022,Premier League,6,Brighton,→ Europa League via league finish
6,2022,Premier League,7,Aston Villa,→ Europa Conference League via league finish
7,2022,Premier League,8,Tottenham,
8,2022,Premier League,9,Brentford,
9,2022,Premier League,10,Fulham,
10,2022,Premier League,11,Crystal Palace,
11,2022,Premier League,12,Chelsea,
12,2022,Premier League,13,Wolves,
13,2022,Premier League,14,West Ham,
14,2022,Premier League,15,Bournemouth,
15,2022,Premier League,16,Nott'ham Forest,
16,2022,Premier League,17,Everton,
17,2022,Premier League,18,Leicester City,Relegated
18,2022,Premier League,19,Leeds United,Relegated
19,2022,Premier League,20,Southampton,Relegated
0,2021,Premier League,1,Manchester City,→ Champions League via league finish
1,2021,Premier League,2,Liverpool,→ Champions League via league finish
2,2021,Premier League,3,Chelsea,→ Champions League via league finish
3,2021,Premier League,4,Tottenham,→ Champions League via league finish
4,2021,Premier League,5,Arsenal,→ Europa League via league finish
5,2021,Premier League,6,Manchester Utd,→ Europa League via league finish
6,2021,Premier League,7,West Ham,→ Europa Conference League via league finish
7,2021,Premier League,8,Leicester City,
8,2021,Premier League,9,Brighton,
9,2021,Premier League,10,Wolves,
10,2021,Premier League,11,Newcastle Utd,
11,2021,Premier League,12,Crystal Palace,
12,2021,Premier League,13,Brentford,
13,2021,Premier League,14,Aston Villa,
14,2021,Premier League,15,Southampton,
15,2021,Premier League,16,Everton,
16,2021,Premier League,17,Leeds United,
17,2021,Premier League,18,Burnley,Relegated
18,2021,Premier League,19,Watford,Relegated
19,2021,Premier League,20,Norwich City,Relegated
0,2020,Premier League,1,Manchester City,→ Champions League via league finish
1,2020,Premier League,2,Manchester Utd,→ Champions League via league finish
2,2020,Premier League,3,Liverpool,→ Champions League via league finish
3,2020,Premier League,4,Chelsea,→ Champions League via league finish
4,2020,Premier League,5,Leicester City,→ Europa League via cup win
5,2020,Premier League,6,West Ham,→ Europa League via league finish
6,2020,Premier League,7,Tottenham,→ Europa Conference League via league finish 1
7,2020,Premier League,8,Arsenal,
8,2020,Premier League,9,Leeds United,
9,2020,Premier League,10,Everton,
10,2020,Premier League,11,Aston Villa,
11,2020,Premier League,12,Newcastle Utd,
12,2020,Premier League,13,Wolves,
13,2020,Premier League,14,Crystal Palace,
14,2020,Premier League,15,Southampton,
15,2020,Premier League,16,Brighton,
16,2020,Premier League,17,Burnley,
17,2020,Premier League,18,Fulham,Relegated
18,2020,Premier League,19,West Brom,Relegated
19,2020,Premier League,20,Sheffield Utd,Relegated
0,2019,Premier League,1,Liverpool,→ Champions League via league finish
1,2019,Premier League,2,Manchester City,→ Champions League via league finish
2,2019,Premier League,3,Manchester Utd,→ Champions League via league finish
3,2019,Premier League,4,Chelsea,→ Champions League via league finish
4,2019,Premier League,5,Leicester City,→ Europa League via league finish
5,2019,Premier League,6,Tottenham,→ Europa League via league finish 1
6,2019,Premier League,7,Wolves,
7,2019,Premier League,8,Arsenal,→ Europa League via cup win 2
8,2019,Premier League,9,Sheffield Utd,
9,2019,Premier League,10,Burnley,
10,2019,Premier League,11,Southampton,
11,2019,Premier League,12,Everton,
12,2019,Premier League,13,Newcastle Utd,
13,2019,Premier League,14,Crystal Palace,
14,2019,Premier League,15,Brighton,
15,2019,Premier League,16,West Ham,
16,2019,Premier League,17,Aston Villa,
17,2019,Premier League,18,Bournemouth,Relegated
18,2019,Premier League,19,Watford,Relegated
19,2019,Premier League,20,Norwich City,Relegated
0,2018,Premier League,1,Manchester City,→ Champions League via league finish
1,2018,Premier League,2,Liverpool,→ Champions League via league finish
2,2018,Premier League,3,Chelsea,→ Champions League via league finish
3,2018,Premier League,4,Tottenham,→ Champions League via league finish
4,2018,Premier League,5,Arsenal,→ Europa League via league finish
5,2018,Premier League,6,Manchester Utd,→ Europa League via league finish 1
6,2018,Premier League,7,Wolves,→ Europa League via league finish
7,2018,Premier League,8,Everton,
8,2018,Premier League,9,Leicester City,
9,2018,Premier League,10,West Ham,
10,2018,Premier League,11,Watford,
11,2018,Premier League,12,Crystal Palace,
12,2018,Premier League,13,Newcastle Utd,
13,2018,Premier League,14,Bournemouth,
14,2018,Premier League,15,Burnley,
15,2018,Premier League,16,Southampton,
16,2018,Premier League,17,Brighton,
17,2018,Premier League,18,Cardiff City,Relegated
18,2018,Premier League,19,Fulham,Relegated
19,2018,Premier League,20,Huddersfield,Relegated
0,2022,LaLiga,1,Barcelona,→ Champions League via league finish
1,2022,LaLiga,2,Real Madrid,→ Champions League via league finish
2,2022,LaLiga,3,Atlético Madrid,→ Champions League via league finish
3,2022,LaLiga,4,Real Sociedad,→ Champions League via league finish
4,2022,LaLiga,5,Villarreal,→ Europa League via league finish
5,2022,LaLiga,6,Betis,→ Europa League via league finish
6,2022,LaLiga,7,Osasuna,→ Europa Conference League via league finish
7,2022,LaLiga,8,Athletic Club,
8,2022,LaLiga,9,Mallorca,
9,2022,LaLiga,10,Girona,
10,2022,LaLiga,11,Rayo Vallecano,
11,2022,LaLiga,12,Sevilla,
12,2022,LaLiga,13,Celta Vigo,
13,2022,LaLiga,14,Cádiz,
14,2022,LaLiga,15,Getafe,
15,2022,LaLiga,16,Valencia,
16,2022,LaLiga,17,Almería,
17,2022,LaLiga,18,Valladolid,Relegated
18,2022,LaLiga,19,Espanyol,Relegated
19,2022,LaLiga,20,Elche,Relegated
0,2021,LaLiga,1,Real Madrid,→ Champions League via league finish
1,2021,LaLiga,2,Barcelona,→ Champions League via league finish
2,2021,LaLiga,3,Atlético Madrid,→ Champions League via league finish
3,2021,LaLiga,4,Sevilla,→ Champions League via league finish
4,2021,LaLiga,5,Betis,→ Europa League via cup win
5,2021,LaLiga,6,Real Sociedad,→ Europa League via league finish
6,2021,LaLiga,7,Villarreal,→ Europa Conference League via league finish
7,2021,LaLiga,8,Athletic Club,
8,2021,LaLiga,9,Valencia,
9,2021,LaLiga,10,Osasuna,
10,2021,LaLiga,11,Celta Vigo,
11,2021,LaLiga,12,Rayo Vallecano,
12,2021,LaLiga,13,Elche,
13,2021,LaLiga,14,Espanyol,
14,2021,LaLiga,15,Getafe,
15,2021,LaLiga,16,Mallorca,
16,2021,LaLiga,17,Cádiz,
17,2021,LaLiga,18,Granada,Relegated
18,2021,LaLiga,19,Levante,Relegated
19,2021,LaLiga,20,Alavés,Relegated
0,2020,LaLiga,1,Atlético Madrid,→ Champions League via league finish
1,2020,LaLiga,2,Real Madrid,→ Champions League via league finish
2,2020,LaLiga,3,Barcelona,→ Champions League via league finish
3,2020,LaLiga,4,Sevilla,→ Champions League via league finish
4,2020,LaLiga,5,Real Sociedad,→ Europa League via league finish
5,2020,LaLiga,6,Betis,→ Europa League via league finish 1
6,2020,LaLiga,7,Villarreal,
7,2020,LaLiga,8,Celta Vigo,
8,2020,LaLiga,9,Granada,
9,2020,LaLiga,10,Athletic Club,
10,2020,LaLiga,11,Osasuna,
11,2020,LaLiga,12,Cádiz,
12,2020,LaLiga,13,Valencia,
13,2020,LaLiga,14,Levante,
14,2020,LaLiga,15,Getafe,
15,2020,LaLiga,16,Alavés,
16,2020,LaLiga,17,Elche,
17,2020,LaLiga,18,Huesca,Relegated
18,2020,LaLiga,19,Valladolid,Relegated
19,2020,LaLiga,20,Eibar,Relegated
0,2019,LaLiga,1,Real Madrid,→ Champions League via league finish
1,2019,LaLiga,2,Barcelona,→ Champions League via league finish
2,2019,LaLiga,3,Atlético Madrid,→ Champions League via league finish
3,2019,LaLiga,4,Sevilla,→ Champions League via league finish
4,2019,LaLiga,5,Villarreal,→ Europa League via league finish 1
5,2019,LaLiga,6,Real Sociedad,→ Europa League via league finish
6,2019,LaLiga,7,Granada,→ Europa League via league finish
7,2019,LaLiga,8,Getafe,
8,2019,LaLiga,9,Valencia,
9,2019,LaLiga,10,Osasuna,
10,2019,LaLiga,11,Athletic Club,
11,2019,LaLiga,12,Levante,
12,2019,LaLiga,13,Valladolid,
13,2019,LaLiga,14,Eibar,
14,2019,LaLiga,15,Betis,
15,2019,LaLiga,16,Alavés,
16,2019,LaLiga,17,Celta Vigo,
17,2019,LaLiga,18,Leganés,Relegated
18,2019,LaLiga,19,Mallorca,Relegated
19,2019,LaLiga,20,Espanyol,Relegated
0,2018,LaLiga,1,Barcelona,→ Champions League via league finish
1,2018,LaLiga,2,Atlético Madrid,→ Champions League via league finish
2,2018,LaLiga,3,Real Madrid,→ Champions League via league finish
3,2018,LaLiga,4,Valencia,→ Champions League via league finish
4,2018,LaLiga,5,Getafe,→ Europa League via league finish
5,2018,LaLiga,6,Sevilla,→ Europa League via league finish 1
6,2018,LaLiga,7,Espanyol,→ Europa League via league finish
7,2018,LaLiga,8,Athletic Club,
8,2018,LaLiga,9,Real Sociedad,
9,2018,LaLiga,10,Betis,
10,2018,LaLiga,11,Alavés,
11,2018,LaLiga,12,Eibar,
12,2018,LaLiga,13,Leganés,
13,2018,LaLiga,14,Villarreal,
14,2018,LaLiga,15,Levante,
15,2018,LaLiga,16,Valladolid,
16,2018,LaLiga,17,Celta Vigo,
17,2018,LaLiga,18,Girona,Relegated
18,2018,LaLiga,19,Huesca,Relegated
19,2018,LaLiga,20,Rayo Vallecano,Relegated
0,2022,Bundesliga,1,Bayern Munich,→ Champions League via league finish
1,2022,Bundesliga,2,Dortmund,→ Champions League via league finish
2,2022,Bundesliga,3,RB Leipzig,→ Champions League via league finish
3,2022,Bundesliga,4,Union Berlin,→ Champions League via league finish
4,2022,Bundesliga,5,Freiburg,→ Europa League via league finish
5,2022,Bundesliga,6,Leverkusen,→ Europa League via league finish
6,2022,Bundesliga,7,Eint Frankfurt,→ Europa Conference League via league finish
7,2022,Bundesliga,8,Wolfsburg,
8,2022,Bundesliga,9,Mainz 05,
9,2022,Bundesliga,10,M'Gladbach,
10,2022,Bundesliga,11,Köln,
11,2022,Bundesliga,12,Hoffenheim,
12,2022,Bundesliga,13,Werder Bremen,
13,2022,Bundesliga,14,Bochum,
14,2022,Bundesliga,15,Augsburg,
15,2022,Bundesliga,16,Stuttgart,→ German 1/2 Relegation/Promotion Play-offs
16,2022,Bundesliga,17,Schalke 04,Relegated
17,2022,Bundesliga,18,Hertha BSC,Relegated
0,2021,Bundesliga,1,Bayern Munich,→ Champions League via league finish
1,2021,Bundesliga,2,Dortmund,→ Champions League via league finish
2,2021,Bundesliga,3,Leverkusen,→ Champions League via league finish
3,2021,Bundesliga,4,RB Leipzig,→ Champions League via league finish
4,2021,Bundesliga,5,Union Berlin,→ Europa League via league finish
5,2021,Bundesliga,6,Freiburg,→ Europa League via league finish
6,2021,Bundesliga,7,Köln,→ Europa Conference League via league finish
7,2021,Bundesliga,8,Mainz 05,
8,2021,Bundesliga,9,Hoffenheim,
9,2021,Bundesliga,10,M'Gladbach,
10,2021,Bundesliga,11,Eint Frankfurt,
11,2021,Bundesliga,12,Wolfsburg,
12,2021,Bundesliga,13,Bochum,
13,2021,Bundesliga,14,Augsburg,
14,2021,Bundesliga,15,Stuttgart,
15,2021,Bundesliga,16,Hertha BSC,→ German 1/2 Relegation/Promotion Play-offs
16,2021,Bundesliga,17,Arminia,Relegated
17,2021,Bundesliga,18,Greuther Fürth,Relegated
0,2020,Bundesliga,1,Bayern Munich,→ Champions League via league finish
1,2020,Bundesliga,2,RB Leipzig,→ Champions League via league finish
2,2020,Bundesliga,3,Dortmund,→ Champions League via league finish
3,2020,Bundesliga,4,Wolfsburg,→ Champions League via league finish
4,2020,Bundesliga,5,Eint Frankfurt,→ Europa League via league finish
5,2020,Bundesliga,6,Leverkusen,→ Europa League via league finish 1
6,2020,Bundesliga,7,Union Berlin,→ Europa Conference League via league finish
7,2020,Bundesliga,8,M'Gladbach,
8,2020,Bundesliga,9,Stuttgart,
9,2020,Bundesliga,10,Freiburg,
10,2020,Bundesliga,11,Hoffenheim,
11,2020,Bundesliga,12,Mainz 05,
12,2020,Bundesliga,13,Augsburg,
13,2020,Bundesliga,14,Hertha BSC,
14,2020,Bundesliga,15,Arminia,
15,2020,Bundesliga,16,Köln,→ German 1/2 Relegation/Promotion Play-offs
16,2020,Bundesliga,17,Werder Bremen,Relegated
17,2020,Bundesliga,18,Schalke 04,Relegated
0,2019,Bundesliga,1,Bayern Munich,→ Champions League via league finish
1,2019,Bundesliga,2,Dortmund,→ Champions League via league finish
2,2019,Bundesliga,3,RB Leipzig,→ Champions League via league finish
3,2019,Bundesliga,4,M'Gladbach,→ Champions League via league finish
4,2019,Bundesliga,5,Leverkusen,→ Europa League via league finish 1
5,2019,Bundesliga,6,Hoffenheim,→ Europa League via league finish
6,2019,Bundesliga,7,Wolfsburg,→ Europa League via league finish
7,2019,Bundesliga,8,Freiburg,
8,2019,Bundesliga,9,Eint Frankfurt,
9,2019,Bundesliga,10,Hertha BSC,
10,2019,Bundesliga,11,Union Berlin,
11,2019,Bundesliga,12,Schalke 04,
12,2019,Bundesliga,13,Mainz 05,
13,2019,Bundesliga,14,Köln,
14,2019,Bundesliga,15,Augsburg,
15,2019,Bundesliga,16,Werder Bremen,→ German 1/2 Relegation/Promotion Playoffs
16,2019,Bundesliga,17,Düsseldorf,Relegated
17,2019,Bundesliga,18,Paderborn 07,Relegated
0,2018,Bundesliga,1,Bayern Munich,→ Champions League via league finish
1,2018,Bundesliga,2,Dortmund,→ Champions League via league finish
2,2018,Bundesliga,3,RB Leipzig,→ Champions League via league finish
3,2018,Bundesliga,4,Leverkusen,→ Champions League via league finish
4,2018,Bundesliga,5,M'Gladbach,→ Europa League via league finish
5,2018,Bundesliga,6,Wolfsburg,→ Europa League via league finish 1
6,2018,Bundesliga,7,Eint Frankfurt,→ Europa League via league finish
7,2018,Bundesliga,8,Werder Bremen,
8,2018,Bundesliga,9,Hoffenheim,
9,2018,Bundesliga,10,Düsseldorf,
10,2018,Bundesliga,11,Hertha BSC,
11,2018,Bundesliga,12,Mainz 05,
12,2018,Bundesliga,13,Freiburg,
13,2018,Bundesliga,14,Schalke 04,
14,2018,Bundesliga,15,Augsburg,
15,2018,Bundesliga,16,Stuttgart,→ German 1/2 Relegation/Promotion Playoffs
16,2018,Bundesliga,17,Hannover 96,Relegated
17,2018,Bundesliga,18,Nürnberg,Relegated
0,2022,Serie A,1,Napoli,→ Champions League via league finish
1,2022,Serie A,2,Lazio,→ Champions League via league finish
2,2022,Serie A,3,Inter,→ Champions League via league finish
3,2022,Serie A,4,Milan,→ Champions League via league finish
4,2022,Serie A,5,Atalanta,→ Europa League via league finish
5,2022,Serie A,6,Roma,→ Europa League via league finish
6,2022,Serie A,7,Juventus,"10-point deduction 1, → Europa Conference League via league finish"
7,2022,Serie A,8,Fiorentina,
8,2022,Serie A,9,Bologna,
9,2022,Serie A,10,Torino,
10,2022,Serie A,11,Monza,
11,2022,Serie A,12,Udinese,
12,2022,Serie A,13,Sassuolo,
13,2022,Serie A,14,Empoli,
14,2022,Serie A,15,Salernitana,
15,2022,Serie A,16,Lecce,
16,2022,Serie A,17,Spezia,"Relegated, → Relegation tie-breaker"
17,2022,Serie A,18,Hellas Verona,→ Relegation tie-breaker
18,2022,Serie A,19,Cremonese,Relegated
19,2022,Serie A,20,Sampdoria,Relegated
0,2021,Serie A,1,Milan,→ Champions League via league finish
1,2021,Serie A,2,Inter,→ Champions League via league finish
2,2021,Serie A,3,Napoli,→ Champions League via league finish
3,2021,Serie A,4,Juventus,→ Champions League via league finish
4,2021,Serie A,5,Lazio,→ Europa League via league finish
5,2021,Serie A,6,Roma,→ Europa League via league finish
6,2021,Serie A,7,Fiorentina,→ Europa Conference League via league finish
7,2021,Serie A,8,Atalanta,
8,2021,Serie A,9,Hellas Verona,
9,2021,Serie A,10,Torino,
10,2021,Serie A,11,Sassuolo,
11,2021,Serie A,12,Udinese,
12,2021,Serie A,13,Bologna,
13,2021,Serie A,14,Empoli,
14,2021,Serie A,15,Sampdoria,
15,2021,Serie A,16,Spezia,
16,2021,Serie A,17,Salernitana,
17,2021,Serie A,18,Cagliari,Relegated
18,2021,Serie A,19,Genoa,Relegated
19,2021,Serie A,20,Venezia,Relegated
0,2020,Serie A,1,Inter,→ Champions League via league finish
1,2020,Serie A,2,Milan,→ Champions League via league finish
2,2020,Serie A,3,Atalanta,→ Champions League via league finish
3,2020,Serie A,4,Juventus,→ Champions League via league finish
4,2020,Serie A,5,Napoli,→ Europa League via league finish
5,2020,Serie A,6,Lazio,→ Europa League via league finish 1
6,2020,Serie A,7,Roma,→ Europa Conference League via league finish
7,2020,Serie A,8,Sassuolo,
8,2020,Serie A,9,Sampdoria,
9,2020,Serie A,10,Hellas Verona,
10,2020,Serie A,11,Genoa,
11,2020,Serie A,12,Bologna,
12,2020,Serie A,13,Fiorentina,
13,2020,Serie A,14,Udinese,
14,2020,Serie A,15,Spezia,
15,2020,Serie A,16,Cagliari,
16,2020,Serie A,17,Torino,
17,2020,Serie A,18,Benevento,Relegated
18,2020,Serie A,19,Crotone,Relegated
19,2020,Serie A,20,Parma,Relegated
0,2019,Serie A,1,Juventus,→ Champions League via league finish
1,2019,Serie A,2,Inter,→ Champions League via league finish
2,2019,Serie A,3,Atalanta,→ Champions League via league finish
3,2019,Serie A,4,Lazio,→ Champions League via league finish
4,2019,Serie A,5,Roma,→ Europa League via league finish
5,2019,Serie A,6,Milan,→ Europa League via league finish
6,2019,Serie A,7,Napoli,→ Europa League via cup win 1
7,2019,Serie A,8,Sassuolo,
8,2019,Serie A,9,Hellas Verona,
9,2019,Serie A,10,Fiorentina,
10,2019,Serie A,11,Parma,
11,2019,Serie A,12,Bologna,
12,2019,Serie A,13,Udinese,
13,2019,Serie A,14,Cagliari,
14,2019,Serie A,15,Sampdoria,
15,2019,Serie A,16,Torino,
16,2019,Serie A,17,Genoa,
17,2019,Serie A,18,Lecce,Relegated
18,2019,Serie A,19,Brescia,Relegated
19,2019,Serie A,20,SPAL,Relegated
0,2018,Serie A,1,Juventus,→ Champions League via league finish
1,2018,Serie A,2,Napoli,→ Champions League via league finish
2,2018,Serie A,3,Atalanta,→ Champions League via league finish
3,2018,Serie A,4,Inter,→ Champions League via league finish
4,2018,Serie A,5,Milan,Ineligible for continental competition 1
5,2018,Serie A,6,Roma,→ Europa League via league finish
6,2018,Serie A,7,Torino,→ Europa League via league finish
7,2018,Serie A,8,Lazio,→ Europa League via cup win 2
8,2018,Serie A,9,Sampdoria,
9,2018,Serie A,10,Bologna,
10,2018,Serie A,11,Sassuolo,
11,2018,Serie A,12,Udinese,
12,2018,Serie A,13,SPAL,
13,2018,Serie A,14,Parma,
14,2018,Serie A,15,Cagliari,
15,2018,Serie A,16,Fiorentina,
16,2018,Serie A,17,Genoa,
17,2018,Serie A,18,Empoli,Relegated
18,2018,Serie A,19,Frosinone,Relegated
19,2018,Serie A,20,Chievo,"3-point deduction 3, Relegated"
0,2022,Ligue 1,1,Paris S-G,→ Europa League via league finish
1,2022,Ligue 1,2,Lens,→ Europa Conference League via league finish
2,2022,Ligue 1,3,Marseille,
3,2022,Ligue 1,4,Rennes,
4,2022,Ligue 1,5,Lille,
5,2022,Ligue 1,6,Monaco,
6,2022,Ligue 1,7,Lyon,
7,2022,Ligue 1,8,Clermont Foot,
8,2022,Ligue 1,9,Nice,
9,2022,Ligue 1,10,Lorient,
10,2022,Ligue 1,11,Reims,
11,2022,Ligue 1,12,Montpellier,
12,2022,Ligue 1,13,Toulouse,→ Europa League via cup win
13,2022,Ligue 1,14,Brest,
14,2022,Ligue 1,15,Strasbourg,
15,2022,Ligue 1,16,Nantes,
16,2022,Ligue 1,17,Auxerre,Relegated
17,2022,Ligue 1,18,Ajaccio,Relegated
18,2022,Ligue 1,19,Troyes,Relegated
19,2022,Ligue 1,20,Angers,Relegated
0,2021,Ligue 1,1,Paris S-G,→ Europa League via league finish
1,2021,Ligue 1,2,Marseille,→ Europa Conference League via league finish
2,2021,Ligue 1,3,Monaco,
3,2021,Ligue 1,4,Rennes,
4,2021,Ligue 1,5,Nice,1-point deduction 1
5,2021,Ligue 1,6,Strasbourg,
6,2021,Ligue 1,7,Lens,
7,2021,Ligue 1,8,Lyon,1-point deduction 2
8,2021,Ligue 1,9,Nantes,→ Europa League via cup win
9,2021,Ligue 1,10,Lille,
10,2021,Ligue 1,11,Brest,
11,2021,Ligue 1,12,Reims,
12,2021,Ligue 1,13,Montpellier,
13,2021,Ligue 1,14,Angers,
14,2021,Ligue 1,15,Troyes,
15,2021,Ligue 1,16,Lorient,
16,2021,Ligue 1,17,Clermont Foot,
17,2021,Ligue 1,18,Saint-Étienne,→ French 1/2 Relegation/Promotion Play-off
18,2021,Ligue 1,19,Metz,Relegated
19,2021,Ligue 1,20,Bordeaux,Relegated 3
0,2020,Ligue 1,1,Lille,→ Champions League via league finish
1,2020,Ligue 1,2,Paris S-G,→ Champions League via league finish
2,2020,Ligue 1,3,Monaco,→ Champions League via league finish
3,2020,Ligue 1,4,Lyon,→ Europa League via league finish
4,2020,Ligue 1,5,Marseille,→ Europa League via league finish 1
5,2020,Ligue 1,6,Rennes,→ Europa Conference League via league finish
6,2020,Ligue 1,7,Lens,
7,2020,Ligue 1,8,Montpellier,
8,2020,Ligue 1,9,Nice,
9,2020,Ligue 1,10,Metz,
10,2020,Ligue 1,11,Saint-Étienne,
11,2020,Ligue 1,12,Bordeaux,
12,2020,Ligue 1,13,Angers,
13,2020,Ligue 1,14,Reims,
14,2020,Ligue 1,15,Strasbourg,
15,2020,Ligue 1,16,Lorient,
16,2020,Ligue 1,17,Brest,
17,2020,Ligue 1,18,Nantes,→ French 1/2 Relegation/Promotion Playoff
18,2020,Ligue 1,19,Nîmes,Relegated
19,2020,Ligue 1,20,Dijon,Relegated
0,2019,Ligue 1,1,Paris S-G,→ Champions League via league finish
1,2019,Ligue 1,2,Marseille,→ Champions League via league finish
2,2019,Ligue 1,3,Rennes,→ Champions League via league finish
3,2019,Ligue 1,4,Lille,→ Europa League via league finish
4,2019,Ligue 1,5,Nice,→ Europa League via league finish
5,2019,Ligue 1,6,Reims,→ Europa League via league finish
6,2019,Ligue 1,7,Lyon,
7,2019,Ligue 1,8,Montpellier,
8,2019,Ligue 1,9,Monaco,
9,2019,Ligue 1,10,Strasbourg,
10,2019,Ligue 1,11,Angers,
11,2019,Ligue 1,12,Bordeaux,
12,2019,Ligue 1,13,Nantes,
13,2019,Ligue 1,14,Brest,
14,2019,Ligue 1,15,Metz,
15,2019,Ligue 1,16,Dijon,
16,2019,Ligue 1,17,Saint-Étienne,
17,2019,Ligue 1,18,Nîmes,
18,2019,Ligue 1,19,Amiens,Relegated
19,2019,Ligue 1,20,Toulouse,Relegated
0,2018,Ligue 1,1,Paris S-G,→ Champions League via league finish
1,2018,Ligue 1,2,Lille,→ Champions League via league finish
2,2018,Ligue 1,3,Lyon,→ Champions League via league finish
3,2018,Ligue 1,4,Saint-Étienne,→ Europa League via league finish
4,2018,Ligue 1,5,Marseille,
5,2018,Ligue 1,6,Montpellier,
6,2018,Ligue 1,7,Nice,
7,2018,Ligue 1,8,Reims,
8,2018,Ligue 1,9,Nîmes,
9,2018,Ligue 1,10,Rennes,→ Europa League via cup win 1
10,2018,Ligue 1,11,Strasbourg,→ Europa League via cup win 2
11,2018,Ligue 1,12,Nantes,
12,2018,Ligue 1,13,Angers,
13,2018,Ligue 1,14,Bordeaux,
14,2018,Ligue 1,15,Amiens,
15,2018,Ligue 1,16,Toulouse,
16,2018,Ligue 1,17,Monaco,
17,2018,Ligue 1,18,Dijon,→ French 1/2 Relegation/Promotion Playoffs
18,2018,Ligue 1,19,Caen,Relegated
19,2018,Ligue 1,20,Guingamp,Relegated
