;competicion_id;plantilla_id;rendimiento_liga_superior_ordenamiento_por_valor_mercado;temporada;competicion;posicion_clasificacion_tabla_competicion;clasificacion_valor_mercado_competicion;comparacion_relacion_longevidad_plantilla_competicion_Basada en Veteranos;entrenador_vigente_inicio_temporada_ya_estuvo_club_No;numero_dias_cargo_club_entrenador;proporcion_jugadores_rango_jovenes_debutantes_liga;suma_valor_mercado_jugadores_demarcacion_delantero;volumen_plantilla_relacion_media_competicion_Encima de la media
0;2022_Serie A;2022_Udinese Calcio;1;2022;Serie A;12;13;0;1;384;50,00;14.000.000;0
1;2022_Serie A;2022_US Sassuolo;0;2022;Serie A;13;10;0;1;725;60,00;24.500.000;0
2;2022_Serie A;2022_US Salernitana 1919;0;2022;Serie A;15;14;0;1;365;20,00;37.500.000;0
3;2022_Serie A;2022_US Lecce;0;2022;Serie A;16;15;0;1;729;35,71;7.500.000;1
4;2022_Serie A;2022_US Cremonese;1;2022;Serie A;19;20;0;1;219;18,18;15.200.000;0
5;2022_Serie A;2022_UC Sampdoria;0;2022;Serie A;20;19;0;0;256;57,14;6.000.000;1
6;2022_Serie A;2022_Torino FC;0;2022;Serie A;10;9;0;1;725;40,00;10.000.000;0
7;2022_Serie A;2022_Spezia Calcio;1;2022;Serie A;17;18;0;1;229;57,14;16.500.000;0
8;2022_Serie A;2022_SSC Napoli;1;2022;Serie A;1;1;0;1;729;16,67;170.000.000;0
9;2022_Serie A;2022_SS Lazio;1;2022;Serie A;2;8;1;1;747;33,33;15.000.000;0
10;2022_Serie A;2022_Juventus FC;0;2022;Serie A;7;4;1;0;759;40,00;99.000.000;1
11;2022_Serie A;2022_Inter Milan;0;2022;Serie A;3;3;1;1;753;50,00;129.000.000;0
12;2022_Serie A;2022_Hellas Verona;0;2022;Serie A;18;17;0;1;102;30,00;9.600.000;1
13;2022_Serie A;2022_FC Empoli;1;2022;Serie A;14;16;0;1;385;80,00;13.300.000;0
14;2022_Serie A;2022_Bologna FC 1909;1;2022;Serie A;9;11;0;0;1.317;20,00;14.000.000;1
15;2022_Serie A;2022_Atalanta BC;1;2022;Serie A;5;6;1;1;2.568;75,00;88.000.000;0
16;2022_Serie A;2022_AS Roma;0;2022;Serie A;6;5;0;1;725;12,50;78.000.000;1
17;2022_Serie A;2022_ACF Fiorentina;0;2022;Serie A;8;7;0;1;725;25,00;40.000.000;0
18;2022_Serie A;2022_AC Monza;1;2022;Serie A;11;12;0;1;439;37,50;24.000.000;0
19;2022_Serie A;2022_AC Milan;0;2022;Serie A;4;2;0;1;1.356;83,33;12.000.000;1
20;2022_Premier League;2022_Wolverhampton Wanderers;0;2022;Premier League;13;11;0;1;458;44,44;60.500.000;0
21;2022_Premier League;2022_West Ham United;0;2022;Premier League;14;8;0;0;1.645;0,00;52.000.000;0
22;2022_Premier League;2022_Tottenham Hotspur;0;2022;Premier League;8;6;0;1;509;25,00;145.000.000;0
23;2022_Premier League;2022_Southampton FC;0;2022;Premier League;20;12;0;1;1.432;61,54;63.000.000;1
24;2022_Premier League;2022_Nottingham Forest;1;2022;Premier League;16;17;1;1;643;12,50;43.500.000;1
25;2022_Premier League;2022_Newcastle United;1;2022;Premier League;4;7;1;1;595;0,00;68.000.000;1
26;2022_Premier League;2022_Manchester United;1;2022;Premier League;3;5;0;1;360;28,57;29.000.000;1
27;2022_Premier League;2022_Manchester City;1;2022;Premier League;1;1;0;1;2.551;57,14;220.000.000;0
28;2022_Premier League;2022_Liverpool FC;0;2022;Premier League;5;4;0;1;2.818;33,33;92.000.000;1
29;2022_Premier League;2022_Leicester City;0;2022;Premier League;18;9;0;1;1.495;20,00;41.000.000;1
30;2022_Premier League;2022_Leeds United;0;2022;Premier League;19;15;0;1;343;33,33;49.000.000;0
31;2022_Premier League;2022_Fulham FC;1;2022;Premier League;10;20;1;1;725;0,00;33.000.000;0
32;2022_Premier League;2022_Everton FC;0;2022;Premier League;17;13;0;1;357;100,00;38.000.000;0
33;2022_Premier League;2022_Crystal Palace;1;2022;Premier League;11;18;0;1;621;60,00;32.000.000;0
34;2022_Premier League;2022_Chelsea FC;0;2022;Premier League;12;2;0;1;589;62,50;157.000.000;1
35;2022_Premier League;2022_Brighton & Hove Albion;1;2022;Premier League;6;14;0;1;1.206;42,86;35.000.000;0
36;2022_Premier League;2022_Brentford FC;1;2022;Premier League;9;16;0;1;1.714;100,00;50.000.000;0
37;2022_Premier League;2022_Aston Villa;1;2022;Premier League;7;10;1;1;343;25,00;56.000.000;0
38;2022_Premier League;2022_Arsenal FC;1;2022;Premier League;2;3;0;1;1.282;50,00;100.000.000;0
39;2022_Premier League;2022_AFC Bournemouth;1;2022;Premier League;15;19;0;1;425;13,33;31.000.000;1
40;2022_Ligue 1;2022_Stade Rennais FC;0;2022;Ligue 1;4;2;0;1;844;66,67;60.000.000;1
41;2022_Ligue 1;2022_Stade Reims;0;2022;Ligue 1;11;11;0;1;477;60,00;26.500.000;0
42;2022_Ligue 1;2022_Stade Brestois 29;1;2022;Ligue 1;14;16;0;1;476;60,00;6.000.000;0
43;2022_Ligue 1;2022_RC Strasbourg Alsace;0;2022;Ligue 1;15;13;0;1;591;50,00;17.000.000;0
44;2022_Ligue 1;2022_RC Lens;1;2022;Ligue 1;2;8;0;1;1.217;20,00;33.500.000;1
45;2022_Ligue 1;2022_Paris Saint-Germain;1;2022;Ligue 1;1;1;0;1;356;25,00;205.000.000;0
46;2022_Ligue 1;2022_Olympique Marseille;1;2022;Ligue 1;3;7;1;1;361;0,00;26.500.000;0
47;2022_Ligue 1;2022_Olympique Lyon;0;2022;Ligue 1;7;5;0;1;498;66,67;43.000.000;0
48;2022_Ligue 1;2022_OGC Nice;0;2022;Ligue 1;9;4;0;0;192;54,55;34.000.000;0
49;2022_Ligue 1;2022_Montpellier HSC;0;2022;Ligue 1;12;10;0;1;503;100,00;30.000.000;1
50;2022_Ligue 1;2022_LOSC Lille;1;2022;Ligue 1;5;6;0;1;360;50,00;68.000.000;0
51;2022_Ligue 1;2022_FC Toulouse;1;2022;Ligue 1;13;14;0;1;737;40,91;13.000.000;1
52;2022_Ligue 1;2022_FC Nantes;0;2022;Ligue 1;16;9;0;1;817;25,00;25.000.000;1
53;2022_Ligue 1;2022_FC Lorient;1;2022;Ligue 1;10;12;0;1;364;66,67;12.000.000;0
54;2022_Ligue 1;2022_ESTAC Troyes;0;2022;Ligue 1;19;15;0;1;309;57,14;8.000.000;1
55;2022_Ligue 1;2022_Clermont Foot 63;1;2022;Ligue 1;8;19;0;1;2.124;54,55;4.000.000;0
56;2022_Ligue 1;2022_Angers SCO;0;2022;Ligue 1;20;17;0;1;545;55,56;9.100.000;1
57;2022_Ligue 1;2022_AS Monaco;0;2022;Ligue 1;6;3;0;1;517;40,00;60.000.000;0
58;2022_Ligue 1;2022_AJ Auxerre;1;2022;Ligue 1;17;18;0;1;1.198;18,18;8.000.000;1
59;2022_Ligue 1;2022_AC Ajaccio;1;2022;Ligue 1;18;20;0;0;3.154;25,00;3.800.000;1
60;2022_LaLiga;2022_Villarreal CF;0;2022;LaLiga;5;5;1;1;824;100,00;53.000.000;0
61;2022_LaLiga;2022_Valencia CF;0;2022;LaLiga;16;9;0;1;213;20,00;5.500.000;0
62;2022_LaLiga;2022_UD Almería;0;2022;LaLiga;17;16;0;1;793;46,67;22.800.000;1
63;2022_LaLiga;2022_Sevilla FC;0;2022;LaLiga;12;8;1;1;1.193;20,00;30.000.000;0
64;2022_LaLiga;2022_Real Valladolid CF;0;2022;LaLiga;18;18;1;1;641;20,00;10.000.000;0
65;2022_LaLiga;2022_Real Sociedad;0;2022;LaLiga;4;4;0;0;1.642;100,00;33.000.000;1
66;2022_LaLiga;2022_Real Madrid;0;2022;LaLiga;2;1;1;0;725;0,00;27.500.000;0
67;2022_LaLiga;2022_Real Betis Balompié;1;2022;LaLiga;6;7;1;1;1.059;25,00;20.000.000;1
68;2022_LaLiga;2022_Rayo Vallecano;1;2022;LaLiga;11;15;1;1;1.058;0,00;21.000.000;1
69;2022_LaLiga;2022_RCD Mallorca;1;2022;LaLiga;9;17;0;1;459;0,00;6.200.000;0
70;2022_LaLiga;2022_RCD Espanyol Barcelona;0;2022;LaLiga;19;14;0;1;276;33,33;12.500.000;1
71;2022_LaLiga;2022_Girona FC;1;2022;LaLiga;10;12;0;1;717;28,57;17.000.000;1
72;2022_LaLiga;2022_Getafe CF;0;2022;LaLiga;15;13;1;0;568;0,00;32.700.000;0
73;2022_LaLiga;2022_FC Barcelona;1;2022;LaLiga;1;2;0;1;597;16,67;30.000.000;0
74;2022_LaLiga;2022_Elche CF;0;2022;LaLiga;20;19;1;1;308;0,00;10.000.000;1
75;2022_LaLiga;2022_Cádiz CF;1;2022;LaLiga;14;20;1;1;531;0,00;11.000.000;1
76;2022_LaLiga;2022_Celta de Vigo;0;2022;LaLiga;13;10;0;1;720;20,00;24.000.000;0
77;2022_LaLiga;2022_CA Osasuna;1;2022;LaLiga;7;11;1;1;1.821;0,00;16.800.000;0
78;2022_LaLiga;2022_Atlético de Madrid;0;2022;LaLiga;3;3;1;1;4.203;20,00;59.000.000;0
79;2022_LaLiga;2022_Athletic Bilbao;0;2022;LaLiga;8;6;1;0;360;0,00;29.500.000;1
80;2022_Bundesliga;2022_VfL Wolfsburg;0;2022;Bundesliga;8;7;0;1;360;50,00;38.000.000;0
81;2022_Bundesliga;2022_VfL Bochum;1;2022;Bundesliga;14;18;1;1;1.102;16,67;3.600.000;0
82;2022_Bundesliga;2022_VfB Stuttgart;0;2022;Bundesliga;16;14;0;1;1.015;50,00;25.400.000;0
83;2022_Bundesliga;2022_TSG 1899 Hoffenheim;0;2022;Bundesliga;12;9;0;1;220;40,00;29.000.000;1
84;2022_Bundesliga;2022_SV Werder Bremen;1;2022;Bundesliga;13;16;0;1;575;60,00;21.500.000;0
85;2022_Bundesliga;2022_SC Freiburg;1;2022;Bundesliga;5;8;0;1;4.194;80,00;18.500.000;0
86;2022_Bundesliga;2022_RB Leipzig;0;2022;Bundesliga;3;3;0;1;272;50,00;135.000.000;0
87;2022_Bundesliga;2022_Hertha BSC;0;2022;Bundesliga;18;15;0;1;289;25,00;7.200.000;0
88;2022_Bundesliga;2022_FC Schalke 04;0;2022;Bundesliga;17;17;1;1;110;30,00;7.100.000;1
89;2022_Bundesliga;2022_FC Augsburg;0;2022;Bundesliga;15;11;0;1;360;66,67;36.500.000;1
90;2022_Bundesliga;2022_Eintracht Frankfurt;0;2022;Bundesliga;7;5;0;1;729;71,43;81.000.000;1
91;2022_Bundesliga;2022_Borussia Mönchengladbach;0;2022;Bundesliga;10;6;0;1;336;50,00;32.000.000;0
92;2022_Bundesliga;2022_Borussia Dortmund;0;2022;Bundesliga;2;2;0;0;360;75,00;61.000.000;1
93;2022_Bundesliga;2022_Bayern Munich;1;2022;Bundesliga;1;1;0;1;631;37,50;44.000.000;0
94;2022_Bundesliga;2022_Bayer 04 Leverkusen;0;2022;Bundesliga;6;4;0;1;461;100,00;57.000.000;0
95;2022_Bundesliga;2022_1.FSV Mainz 05;1;2022;Bundesliga;9;12;0;1;903;57,14;28.000.000;0
96;2022_Bundesliga;2022_1.FC Union Berlin;1;2022;Bundesliga;4;10;0;1;1.821;0,00;30.200.000;0
97;2022_Bundesliga;2022_1.FC Köln;1;2022;Bundesliga;11;13;0;1;725;60,00;14.300.000;0
98;2021_Serie A;2021_Venezia FC;0;2021;Serie A;20;18;0;1;621;40,00;15.200.000;1
99;2021_Serie A;2021_Udinese Calcio;0;2021;Serie A;12;11;0;1;767;50,00;28.000.000;0
100;2021_Serie A;2021_US Sassuolo;0;2021;Serie A;11;10;0;1;725;60,00;64.500.000;0
101;2021_Serie A;2021_US Salernitana 1919;1;2021;Serie A;17;20;0;0;433;45,45;16.000.000;1
102;2021_Serie A;2021_UC Sampdoria;0;2021;Serie A;15;15;0;1;197;80,00;10.500.000;1
103;2021_Serie A;2021_Torino FC;0;2021;Serie A;10;9;0;1;725;83,33;33.000.000;1
104;2021_Serie A;2021_Spezia Calcio;1;2021;Serie A;16;19;0;1;355;90,00;12.400.000;0
105;2021_Serie A;2021_SSC Napoli;0;2021;Serie A;3;3;0;1;729;50,00;81.000.000;0
106;2021_Serie A;2021_SS Lazio;1;2021;Serie A;5;8;0;1;747;50,00;34.000.000;0
107;2021_Serie A;2021_Juventus FC;0;2021;Serie A;4;1;0;0;759;80,00;176.000.000;0
108;2021_Serie A;2021_Inter Milan;0;2021;Serie A;2;2;0;1;753;66,67;114.000.000;0
109;2021_Serie A;2021_Hellas Verona;1;2021;Serie A;9;16;0;1;99;71,43;27.000.000;0
110;2021_Serie A;2021_Genoa CFC;0;2021;Serie A;19;14;0;0;320;60,00;16.500.000;1
111;2021_Serie A;2021_FC Empoli;0;2021;Serie A;14;13;0;0;345;70,00;27.500.000;0
112;2021_Serie A;2021_Cagliari Calcio;0;2021;Serie A;18;17;0;1;204;100,00;16.600.000;1
113;2021_Serie A;2021_Bologna FC 1909;0;2021;Serie A;13;12;0;0;1.317;85,71;7.300.000;1
114;2021_Serie A;2021_Atalanta BC;0;2021;Serie A;8;5;0;1;2.568;80,00;53.000.000;0
115;2021_Serie A;2021_AS Roma;0;2021;Serie A;6;6;0;1;725;28,57;73.000.000;0
116;2021_Serie A;2021_ACF Fiorentina;0;2021;Serie A;7;7;0;1;725;20,00;111.000.000;0
117;2021_Serie A;2021_AC Milan;1;2021;Serie A;1;4;0;1;1.356;0,00;14.000.000;0
118;2021_Premier League;2021_Wolverhampton Wanderers;1;2021;Premier League;10;11;0;1;458;66,67;49.000.000;0
119;2021_Premier League;2021_West Ham United;1;2021;Premier League;7;10;1;0;1.645;0,00;10.000.000;0
120;2021_Premier League;2021_Watford FC;0;2021;Premier League;19;18;0;1;287;15,38;47.000.000;1
121;2021_Premier League;2021_Tottenham Hotspur;1;2021;Premier League;4;5;0;1;123;60,00;90.000.000;0
122;2021_Premier League;2021_Southampton FC;1;2021;Premier League;15;16;0;1;1.432;33,33;33.000.000;0
123;2021_Premier League;2021_Norwich City;0;2021;Premier League;20;20;0;1;1.589;50,00;14.000.000;0
124;2021_Premier League;2021_Newcastle United;1;2021;Premier League;11;12;0;1;826;0,00;29.500.000;1
125;2021_Premier League;2021_Manchester United;0;2021;Premier League;6;4;0;1;969;66,67;50.000.000;1
126;2021_Premier League;2021_Manchester City;1;2021;Premier League;1;1;0;1;2.551;100,00;50.000.000;0
127;2021_Premier League;2021_Liverpool FC;0;2021;Premier League;2;2;0;1;2.818;50,00;44.000.000;1
128;2021_Premier League;2021_Leicester City;0;2021;Premier League;8;7;0;1;1.495;100,00;55.000.000;0
129;2021_Premier League;2021_Leeds United;0;2021;Premier League;17;13;0;1;1.337;87,50;42.000.000;0
130;2021_Premier League;2021_Everton FC;0;2021;Premier League;16;9;0;1;199;100,00;92.500.000;1
131;2021_Premier League;2021_Crystal Palace;1;2021;Premier League;12;17;0;1;621;75,00;39.000.000;0
132;2021_Premier League;2021_Chelsea FC;0;2021;Premier League;3;3;0;1;589;66,67;175.000.000;0
133;2021_Premier League;2021_Burnley FC;1;2021;Premier League;18;19;1;1;3.454;33,33;29.500.000;0
134;2021_Premier League;2021_Brighton & Hove Albion;1;2021;Premier League;9;14;0;1;1.206;66,67;30.000.000;1
135;2021_Premier League;2021_Brentford FC;1;2021;Premier League;13;15;0;1;1.714;34,78;39.000.000;1
136;2021_Premier League;2021_Aston Villa;0;2021;Premier League;14;8;0;1;1.124;66,67;63.500.000;1
137;2021_Premier League;2021_Arsenal FC;1;2021;Premier League;5;6;0;1;1.282;100,00;50.000.000;0
138;2021_Ligue 1;2021_Stade Rennais FC;1;2021;Ligue 1;4;6;0;1;844;87,50;33.000.000;1
139;2021_Ligue 1;2021_Stade Reims;0;2021;Ligue 1;12;8;0;1;477;90,91;36.700.000;1
140;2021_Ligue 1;2021_Stade Brestois 29;1;2021;Ligue 1;11;13;0;1;476;57,14;20.500.000;0
141;2021_Ligue 1;2021_RC Strasbourg Alsace;1;2021;Ligue 1;6;11;0;1;591;75,00;33.200.000;0
142;2021_Ligue 1;2021_RC Lens;1;2021;Ligue 1;7;9;0;1;1.217;62,50;11.200.000;0
143;2021_Ligue 1;2021_Paris Saint-Germain;1;2021;Ligue 1;1;1;0;1;549;70,00;182.000.000;1
144;2021_Ligue 1;2021_Olympique Marseille;1;2021;Ligue 1;2;5;0;1;480;28,57;34.000.000;0
145;2021_Ligue 1;2021_Olympique Lyon;0;2021;Ligue 1;8;3;0;1;498;37,50;28.500.000;1
146;2021_Ligue 1;2021_OGC Nice;1;2021;Ligue 1;5;7;0;1;364;66,67;75.000.000;0
147;2021_Ligue 1;2021_Montpellier HSC;0;2021;Ligue 1;13;10;0;1;503;100,00;16.000.000;0
148;2021_Ligue 1;2021_LOSC Lille;0;2021;Ligue 1;10;4;0;1;346;71,43;46.500.000;0
149;2021_Ligue 1;2021_FC Nantes;1;2021;Ligue 1;9;14;0;1;817;100,00;20.200.000;0
150;2021_Ligue 1;2021_FC Metz;0;2021;Ligue 1;19;17;0;0;604;57,14;7.500.000;1
151;2021_Ligue 1;2021_FC Lorient;1;2021;Ligue 1;16;19;0;1;1.124;66,67;17.200.000;0
152;2021_Ligue 1;2021_FC Girondins Bordeaux;0;2021;Ligue 1;20;15;0;1;194;30,00;17.000.000;1
153;2021_Ligue 1;2021_ESTAC Troyes;1;2021;Ligue 1;15;18;0;1;930;46,67;12.500.000;1
154;2021_Ligue 1;2021_Clermont Foot 63;1;2021;Ligue 1;17;20;0;1;2.124;15,79;14.400.000;1
155;2021_Ligue 1;2021_Angers SCO;1;2021;Ligue 1;14;16;0;1;545;60,00;20.200.000;0
156;2021_Ligue 1;2021_AS Saint-Étienne;0;2021;Ligue 1;18;12;0;1;793;25,00;10.100.000;1
157;2021_Ligue 1;2021_AS Monaco;0;2021;Ligue 1;3;2;0;1;531;83,33;67.000.000;0
158;2021_LaLiga;2021_Villarreal CF;0;2021;LaLiga;7;6;1;1;824;25,00;62.000.000;0
159;2021_LaLiga;2021_Valencia CF;0;2021;LaLiga;9;7;0;1;337;60,00;67.000.000;1
160;2021_LaLiga;2021_Sevilla FC;0;2021;LaLiga;4;4;0;1;1.193;40,00;65.000.000;1
161;2021_LaLiga;2021_Real Sociedad;0;2021;LaLiga;6;5;0;0;1.642;50,00;50.000.000;0
162;2021_LaLiga;2021_Real Madrid;1;2021;LaLiga;1;1;0;0;725;66,67;53.000.000;0
163;2021_LaLiga;2021_Real Betis Balompié;1;2021;LaLiga;5;8;1;1;1.059;33,33;27.000.000;0
164;2021_LaLiga;2021_Rayo Vallecano;1;2021;LaLiga;12;17;0;1;1.058;20,00;7.400.000;0
165;2021_LaLiga;2021_RCD Mallorca;0;2021;LaLiga;16;16;0;1;593;36,36;14.500.000;1
166;2021_LaLiga;2021_RCD Espanyol Barcelona;0;2021;LaLiga;14;11;0;1;647;50,00;29.000.000;0
167;2021_LaLiga;2021_Levante UD;0;2021;LaLiga;19;15;0;1;1.308;50,00;12.500.000;1
168;2021_LaLiga;2021_Granada CF;0;2021;LaLiga;18;13;0;1;248;75,00;17.500.000;1
169;2021_LaLiga;2021_Getafe CF;0;2021;LaLiga;15;10;0;0;95;66,67;47.500.000;0
170;2021_LaLiga;2021_FC Barcelona;0;2021;LaLiga;2;2;0;1;435;75,00;60.000.000;1
171;2021_LaLiga;2021_Elche CF;1;2021;LaLiga;13;20;1;0;280;0,00;12.000.000;0
172;2021_LaLiga;2021_Deportivo Alavés;0;2021;LaLiga;20;19;0;1;267;28,57;8.700.000;0
173;2021_LaLiga;2021_Cádiz CF;1;2021;LaLiga;17;18;1;1;2.094;71,43;9.000.000;1
174;2021_LaLiga;2021_Celta de Vigo;1;2021;LaLiga;11;12;0;1;720;0,00;9.000.000;0
175;2021_LaLiga;2021_CA Osasuna;1;2021;LaLiga;10;14;0;1;1.821;66,67;9.800.000;0
176;2021_LaLiga;2021_Atlético de Madrid;0;2021;LaLiga;3;3;0;1;4.203;66,67;143.000.000;0
177;2021_LaLiga;2021_Athletic Bilbao;1;2021;LaLiga;8;9;0;1;542;75,00;30.500.000;1
178;2021_Bundesliga;2021_VfL Wolfsburg;0;2021;Bundesliga;12;5;0;1;115;100,00;61.500.000;1
179;2021_Bundesliga;2021_VfL Bochum;1;2021;Bundesliga;13;17;0;1;1.102;28,57;5.300.000;0
180;2021_Bundesliga;2021_VfB Stuttgart;0;2021;Bundesliga;15;9;0;1;1.015;100,00;46.000.000;1
181;2021_Bundesliga;2021_TSG 1899 Hoffenheim;0;2021;Bundesliga;9;8;0;1;697;83,33;51.500.000;1
182;2021_Bundesliga;2021_SpVgg Greuther Fürth;0;2021;Bundesliga;18;18;0;1;1.241;54,55;12.500.000;1
183;2021_Bundesliga;2021_SC Freiburg;1;2021;Bundesliga;6;10;0;1;4.194;80,00;19.500.000;0
184;2021_Bundesliga;2021_RB Leipzig;0;2021;Bundesliga;4;4;0;1;157;100,00;135.000.000;0
185;2021_Bundesliga;2021_Hertha BSC;0;2021;Bundesliga;16;12;0;0;308;80,00;18.500.000;1
186;2021_Bundesliga;2021_FC Augsburg;0;2021;Bundesliga;14;14;0;0;430;100,00;19.000.000;0
187;2021_Bundesliga;2021_Eintracht Frankfurt;0;2021;Bundesliga;11;7;0;1;729;50,00;27.500.000;1
188;2021_Bundesliga;2021_Borussia Mönchengladbach;0;2021;Bundesliga;10;6;0;1;364;100,00;35.000.000;0
189;2021_Bundesliga;2021_Borussia Dortmund;0;2021;Bundesliga;2;2;0;1;323;100,00;166.500.000;1
190;2021_Bundesliga;2021_Bayern Munich;1;2021;Bundesliga;1;1;0;1;631;80,00;70.000.000;0
191;2021_Bundesliga;2021_Bayer 04 Leverkusen;0;2021;Bundesliga;3;3;0;1;461;71,43;81.200.000;0
192;2021_Bundesliga;2021_Arminia Bielefeld;0;2021;Bundesliga;17;16;0;1;414;77,78;4.600.000;0
193;2021_Bundesliga;2021_1.FSV Mainz 05;1;2021;Bundesliga;8;11;0;1;903;60,00;23.000.000;0
194;2021_Bundesliga;2021_1.FC Union Berlin;1;2021;Bundesliga;5;15;0;1;1.821;50,00;12.900.000;0
195;2021_Bundesliga;2021_1.FC Köln;1;2021;Bundesliga;7;13;0;1;725;40,00;10.000.000;0
196;2020_Serie A;2020_Udinese Calcio;0;2020;Serie A;14;11;0;1;767;66,67;24.800.000;1
197;2020_Serie A;2020_US Sassuolo;0;2020;Serie A;8;8;0;1;1.058;66,67;20.000.000;0
198;2020_Serie A;2020_UC Sampdoria;1;2020;Serie A;9;16;0;1;627;50,00;21.500.000;0
199;2020_Serie A;2020_Torino FC;0;2020;Serie A;17;12;0;1;164;0,00;49.500.000;0
200;2020_Serie A;2020_Spezia Calcio;1;2020;Serie A;15;18;0;1;730;29,41;3.000.000;1
201;2020_Serie A;2020_SSC Napoli;0;2020;Serie A;5;3;0;1;567;100,00;75.000.000;0
202;2020_Serie A;2020_SS Lazio;0;2020;Serie A;6;6;0;1;1.790;20,00;81.000.000;1
203;2020_Serie A;2020_Parma Calcio 1913;0;2020;Serie A;20;17;0;1;1.359;73,33;14.000.000;1
204;2020_Serie A;2020_Juventus FC;0;2020;Serie A;4;1;0;1;293;75,00;140.000.000;0
205;2020_Serie A;2020_Inter Milan;1;2020;Serie A;1;2;1;1;726;100,00;181.000.000;0
206;2020_Serie A;2020_Hellas Verona;1;2020;Serie A;10;14;0;1;697;80,00;12.200.000;1
207;2020_Serie A;2020_Genoa CFC;1;2020;Serie A;11;15;0;1;242;66,67;22.000.000;1
208;2020_Serie A;2020_FC Crotone;0;2020;Serie A;19;19;0;0;794;30,00;9.200.000;1
209;2020_Serie A;2020_Cagliari Calcio;0;2020;Serie A;16;10;0;1;203;50,00;23.500.000;1
210;2020_Serie A;2020_Bologna FC 1909;1;2020;Serie A;12;13;0;0;1.317;100,00;1.500.000;1
211;2020_Serie A;2020_Benevento Calcio;1;2020;Serie A;18;20;1;1;717;57,14;18.500.000;0
212;2020_Serie A;2020_Atalanta BC;1;2020;Serie A;3;5;0;1;2.568;16,67;69.000.000;0
213;2020_Serie A;2020_AS Roma;0;2020;Serie A;7;7;0;1;730;66,67;18.000.000;0
214;2020_Serie A;2020_ACF Fiorentina;0;2020;Serie A;13;9;0;1;322;0,00;52.500.000;0
215;2020_Serie A;2020_AC Milan;1;2020;Serie A;2;4;0;1;1.356;100,00;5.000.000;0
216;2020_Premier League;2020_Wolverhampton Wanderers;0;2020;Premier League;13;10;0;1;1.460;66,67;80.000.000;0
217;2020_Premier League;2020_West Ham United;1;2020;Premier League;6;12;0;0;1.645;0,00;39.000.000;0
218;2020_Premier League;2020_West Bromwich Albion;1;2020;Premier League;19;20;1;1;534;25,00;14.500.000;0
219;2020_Premier League;2020_Tottenham Hotspur;0;2020;Premier League;7;5;0;1;516;33,33;138.000.000;1
220;2020_Premier League;2020_Southampton FC;0;2020;Premier League;15;13;0;1;1.432;100,00;47.700.000;0
221;2020_Premier League;2020_Sheffield United;0;2020;Premier League;20;18;0;1;1.765;66,67;39.500.000;1
222;2020_Premier League;2020_Newcastle United;1;2020;Premier League;12;14;1;1;826;100,00;27.500.000;1
223;2020_Premier League;2020_Manchester United;1;2020;Premier League;2;4;0;1;969;57,14;54.500.000;1
224;2020_Premier League;2020_Manchester City;1;2020;Premier League;1;1;0;1;2.551;33,33;78.000.000;0
225;2020_Premier League;2020_Liverpool FC;0;2020;Premier League;3;2;0;1;2.818;50,00;62.000.000;1
226;2020_Premier League;2020_Leicester City;1;2020;Premier League;5;7;0;1;1.495;66,67;30.000.000;0
227;2020_Premier League;2020_Leeds United;1;2020;Premier League;9;15;0;1;1.337;28,57;47.300.000;0
228;2020_Premier League;2020_Fulham FC;0;2020;Premier League;18;16;0;1;853;50,00;34.000.000;0
229;2020_Premier League;2020_Everton FC;0;2020;Premier League;10;8;0;1;556;40,00;113.000.000;1
230;2020_Premier League;2020_Crystal Palace;1;2020;Premier League;14;17;1;1;1.387;50,00;31.000.000;1
231;2020_Premier League;2020_Chelsea FC;0;2020;Premier League;4;3;0;1;571;20,00;177.000.000;0
232;2020_Premier League;2020_Burnley FC;1;2020;Premier League;17;19;1;1;3.454;66,67;18.500.000;0
233;2020_Premier League;2020_Brighton & Hove Albion;0;2020;Premier League;16;11;0;1;1.206;75,00;35.500.000;1
234;2020_Premier League;2020_Aston Villa;0;2020;Premier League;11;9;0;1;1.124;66,67;48.000.000;1
235;2020_Premier League;2020_Arsenal FC;0;2020;Premier League;8;6;0;1;1.282;50,00;73.000.000;1
236;2020_Ligue 1;2020_Stade Rennais FC;0;2020;Ligue 1;6;6;0;1;819;87,50;20.000.000;1
237;2020_Ligue 1;2020_Stade Reims;0;2020;Ligue 1;14;11;0;1;1.464;88,89;26.250.000;0
238;2020_Ligue 1;2020_Stade Brestois 29;0;2020;Ligue 1;17;14;0;1;731;75,00;15.800.000;0
239;2020_Ligue 1;2020_RC Strasbourg Alsace;0;2020;Ligue 1;15;9;0;1;1.788;33,33;24.000.000;0
240;2020_Ligue 1;2020_RC Lens;1;2020;Ligue 1;7;13;0;1;1.217;63,64;23.000.000;0
241;2020_Ligue 1;2020_Paris Saint-Germain;0;2020;Ligue 1;2;1;0;1;912;70,00;195.000.000;1
242;2020_Ligue 1;2020_Olympique Marseille;1;2020;Ligue 1;5;7;0;1;582;66,67;32.000.000;0
243;2020_Ligue 1;2020_Olympique Lyon;0;2020;Ligue 1;4;3;0;1;588;66,67;81.000.000;0
244;2020_Ligue 1;2020_OGC Nice;0;2020;Ligue 1;9;5;0;1;887;100,00;50.000.000;0
245;2020_Ligue 1;2020_Nîmes Olympique;1;2020;Ligue 1;19;20;0;1;226;44,44;6.200.000;1
246;2020_Ligue 1;2020_Montpellier HSC;0;2020;Ligue 1;8;8;0;1;1.462;75,00;36.000.000;1
247;2020_Ligue 1;2020_LOSC Lille;1;2020;Ligue 1;1;4;0;1;1.279;66,67;37.800.000;0
248;2020_Ligue 1;2020_FC Nantes;0;2020;Ligue 1;18;15;0;1;488;66,67;15.500.000;0
249;2020_Ligue 1;2020_FC Metz;1;2020;Ligue 1;10;16;0;1;668;80,00;11.500.000;0
250;2020_Ligue 1;2020_FC Lorient;1;2020;Ligue 1;16;18;0;1;1.124;63,64;19.200.000;0
251;2020_Ligue 1;2020_FC Girondins Bordeaux;0;2020;Ligue 1;12;12;0;1;351;100,00;14.100.000;1
252;2020_Ligue 1;2020_Dijon FCO;0;2020;Ligue 1;20;19;0;1;504;60,00;12.500.000;0
253;2020_Ligue 1;2020_Angers SCO;1;2020;Ligue 1;13;17;0;1;3.615;100,00;15.500.000;0
254;2020_Ligue 1;2020_AS Saint-Étienne;0;2020;Ligue 1;11;10;0;1;793;66,67;10.500.000;1
255;2020_Ligue 1;2020_AS Monaco;0;2020;Ligue 1;3;2;0;1;531;80,00;76.000.000;0
256;2020_LaLiga;2020_Villarreal CF;0;2020;LaLiga;7;6;0;1;824;75,00;66.800.000;1
257;2020_LaLiga;2020_Valencia CF;0;2020;LaLiga;13;7;0;1;280;66,67;63.500.000;1
258;2020_LaLiga;2020_Sevilla FC;1;2020;LaLiga;4;5;0;1;1.193;0,00;69.000.000;0
259;2020_LaLiga;2020_SD Huesca;0;2020;LaLiga;18;17;0;1;561;50,00;17.500.000;0
260;2020_LaLiga;2020_SD Eibar;0;2020;LaLiga;20;15;1;0;2.191;33,33;7.100.000;0
261;2020_LaLiga;2020_Real Valladolid CF;0;2020;LaLiga;19;18;0;1;1.177;28,57;13.500.000;0
262;2020_LaLiga;2020_Real Sociedad;0;2020;LaLiga;5;4;0;0;1.642;100,00;68.200.000;1
263;2020_LaLiga;2020_Real Madrid;0;2020;LaLiga;2;2;0;0;842;100,00;55.000.000;0
264;2020_LaLiga;2020_Real Betis Balompié;1;2020;LaLiga;6;8;0;1;1.059;100,00;26.500.000;0
265;2020_LaLiga;2020_Levante UD;0;2020;LaLiga;14;13;0;1;1.308;40,00;18.700.000;0
266;2020_LaLiga;2020_Granada CF;1;2020;LaLiga;9;12;0;1;1.095;85,71;12.700.000;0
267;2020_LaLiga;2020_Getafe CF;0;2020;LaLiga;15;11;0;1;1.737;60,00;23.000.000;0
268;2020_LaLiga;2020_FC Barcelona;0;2020;LaLiga;3;1;0;1;217;80,00;69.000.000;0
269;2020_LaLiga;2020_Elche CF;1;2020;LaLiga;17;19;1;1;910;6,67;5.500.000;1
270;2020_LaLiga;2020_Deportivo Alavés;0;2020;LaLiga;16;16;0;1;160;66,67;12.200.000;0
271;2020_LaLiga;2020_Cádiz CF;1;2020;LaLiga;12;20;0;1;2.094;7,69;3.900.000;0
272;2020_LaLiga;2020_Celta de Vigo;1;2020;LaLiga;8;10;0;1;371;77,78;27.000.000;1
273;2020_LaLiga;2020_CA Osasuna;1;2020;LaLiga;11;14;0;1;1.821;0,00;25.200.000;0
274;2020_LaLiga;2020_Atlético de Madrid;1;2020;LaLiga;1;3;0;1;4.203;0,00;124.500.000;0
275;2020_LaLiga;2020_Athletic Bilbao;0;2020;LaLiga;10;9;0;1;760;80,00;33.000.000;1
276;2020_Bundesliga;2020_VfL Wolfsburg;1;2020;Bundesliga;4;6;0;1;730;100,00;50.000.000;0
277;2020_Bundesliga;2020_VfB Stuttgart;1;2020;Bundesliga;9;10;0;1;1.015;78,57;23.000.000;0
278;2020_Bundesliga;2020_TSG 1899 Hoffenheim;0;2020;Bundesliga;11;7;0;1;697;75,00;66.300.000;1
279;2020_Bundesliga;2020_SV Werder Bremen;0;2020;Bundesliga;17;15;0;1;1.283;100,00;17.000.000;0
280;2020_Bundesliga;2020_SC Freiburg;1;2020;Bundesliga;10;11;0;1;4.194;75,00;22.000.000;0
281;2020_Bundesliga;2020_RB Leipzig;1;2020;Bundesliga;2;3;0;1;730;60,00;91.000.000;0
282;2020_Bundesliga;2020_Hertha BSC;0;2020;Bundesliga;14;9;0;1;290;57,14;63.400.000;0
283;2020_Bundesliga;2020_FC Schalke 04;0;2020;Bundesliga;18;13;0;1;454;87,50;18.700.000;1
284;2020_Bundesliga;2020_FC Augsburg;1;2020;Bundesliga;13;17;0;1;412;100,00;8.200.000;0
285;2020_Bundesliga;2020_Eintracht Frankfurt;1;2020;Bundesliga;5;8;0;1;1.095;75,00;28.100.000;1
286;2020_Bundesliga;2020_Borussia Mönchengladbach;0;2020;Bundesliga;8;5;0;1;730;100,00;51.000.000;1
287;2020_Bundesliga;2020_Borussia Dortmund;0;2020;Bundesliga;3;2;0;1;896;83,33;149.200.000;0
288;2020_Bundesliga;2020_Bayern Munich;1;2020;Bundesliga;1;1;0;1;605;60,00;101.500.000;0
289;2020_Bundesliga;2020_Bayer 04 Leverkusen;0;2020;Bundesliga;6;4;0;1;821;57,14;44.000.000;0
290;2020_Bundesliga;2020_Arminia Bielefeld;1;2020;Bundesliga;15;18;0;1;812;28,57;2.900.000;1
291;2020_Bundesliga;2020_1.FSV Mainz 05;0;2020;Bundesliga;12;12;0;1;315;80,00;31.000.000;1
292;2020_Bundesliga;2020_1.FC Union Berlin;1;2020;Bundesliga;7;16;0;1;1.821;75,00;24.500.000;0
293;2020_Bundesliga;2020_1.FC Köln;0;2020;Bundesliga;16;14;0;1;510;100,00;11.000.000;1
294;2019_Serie A;2019_Udinese Calcio;0;2019;Serie A;13;12;0;0;226;40,00;10.000.000;0
295;2019_Serie A;2019_US Sassuolo;1;2019;Serie A;8;11;0;1;1.058;66,67;15.000.000;0
296;2019_Serie A;2019_US Lecce;1;2019;Serie A;18;19;0;1;1.067;30,00;12.000.000;1
297;2019_Serie A;2019_UC Sampdoria;0;2019;Serie A;15;14;0;1;107;50,00;23.000.000;0
298;2019_Serie A;2019_Torino FC;0;2019;Serie A;16;9;0;1;761;100,00;32.000.000;0
299;2019_Serie A;2019_SSC Napoli;0;2019;Serie A;7;3;0;1;527;25,00;56.000.000;0
300;2019_Serie A;2019_SS Lazio;1;2019;Serie A;4;6;0;1;1.790;57,14;75.300.000;1
301;2019_Serie A;2019_SPAL;0;2019;Serie A;20;20;0;1;1.890;100,00;6.100.000;0
302;2019_Serie A;2019_Parma Calcio 1913;1;2019;Serie A;11;13;0;1;1.359;0,00;14.500.000;0
303;2019_Serie A;2019_Juventus FC;1;2019;Serie A;1;1;1;1;404;40,00;161.500.000;0
304;2019_Serie A;2019_Inter Milan;0;2019;Serie A;2;2;0;1;726;33,33;157.000.000;0
305;2019_Serie A;2019_Hellas Verona;1;2019;Serie A;9;15;0;1;697;62,50;13.000.000;1
306;2019_Serie A;2019_Genoa CFC;0;2019;Serie A;17;16;0;1;113;42,86;39.900.000;1
307;2019_Serie A;2019_Cagliari Calcio;0;2019;Serie A;14;10;0;1;611;66,67;31.500.000;0
308;2019_Serie A;2019_Brescia Calcio;0;2019;Serie A;19;17;0;1;411;47,37;14.300.000;0
309;2019_Serie A;2019_Bologna FC 1909;1;2019;Serie A;12;18;0;0;1.317;83,33;6.400.000;0
310;2019_Serie A;2019_Atalanta BC;1;2019;Serie A;3;7;0;1;2.568;85,71;52.000.000;0
311;2019_Serie A;2019_AS Roma;0;2019;Serie A;5;5;0;1;730;62,50;17.800.000;1
312;2019_Serie A;2019_ACF Fiorentina;0;2019;Serie A;10;8;0;0;255;77,78;61.000.000;1
313;2019_Serie A;2019_AC Milan;0;2019;Serie A;6;4;0;1;111;87,50;24.300.000;0
314;2019_Premier League;2019_Wolverhampton Wanderers;1;2019;Premier League;7;11;0;1;1.460;80,00;17.300.000;0
315;2019_Premier League;2019_West Ham United;0;2019;Premier League;16;9;0;1;545;16,67;50.300.000;0
316;2019_Premier League;2019_Watford FC;0;2019;Premier League;19;14;0;1;594;50,00;62.700.000;1
317;2019_Premier League;2019_Tottenham Hotspur;0;2019;Premier League;6;3;0;1;1.967;80,00;120.000.000;0
318;2019_Premier League;2019_Southampton FC;1;2019;Premier League;11;16;0;1;1.432;100,00;16.800.000;0
319;2019_Premier League;2019_Sheffield United;1;2019;Premier League;9;20;0;1;1.765;20,00;26.200.000;1
320;2019_Premier League;2019_Norwich City;0;2019;Premier League;20;19;0;1;1.589;34,78;9.600.000;1
321;2019_Premier League;2019_Newcastle United;0;2019;Premier League;13;12;0;1;826;57,14;18.200.000;1
322;2019_Premier League;2019_Manchester United;1;2019;Premier League;3;4;0;1;969;66,67;53.200.000;1
323;2019_Premier League;2019_Manchester City;0;2019;Premier League;2;1;0;1;2.551;50,00;108.000.000;0
324;2019_Premier League;2019_Liverpool FC;1;2019;Premier League;1;2;0;1;2.818;66,67;88.000.000;0
325;2019_Premier League;2019_Leicester City;1;2019;Premier League;5;8;0;1;1.495;75,00;28.000.000;1
326;2019_Premier League;2019_Everton FC;0;2019;Premier League;12;7;0;1;553;60,00;116.200.000;0
327;2019_Premier League;2019_Crystal Palace;1;2019;Premier League;14;15;1;1;1.387;100,00;30.200.000;0
328;2019_Premier League;2019_Chelsea FC;1;2019;Premier League;4;5;0;1;571;100,00;64.500.000;0
329;2019_Premier League;2019_Burnley FC;1;2019;Premier League;10;18;0;1;3.454;0,00;31.300.000;0
330;2019_Premier League;2019_Brighton & Hove Albion;1;2019;Premier League;15;17;0;1;1.206;60,00;23.100.000;0
331;2019_Premier League;2019_Aston Villa;0;2019;Premier League;17;13;0;1;1.124;28,57;42.300.000;0
332;2019_Premier League;2019_Arsenal FC;0;2019;Premier League;8;6;0;1;516;66,67;104.000.000;0
333;2019_Premier League;2019_AFC Bournemouth;0;2019;Premier League;18;10;0;0;2.848;80,00;53.400.000;1
334;2019_Ligue 1;2019_Stade Rennais FC;1;2019;Ligue 1;3;7;0;1;819;80,00;9.500.000;1
335;2019_Ligue 1;2019_Stade Reims;1;2019;Ligue 1;6;11;0;1;1.464;80,00;11.100.000;1
336;2019_Ligue 1;2019_Stade Brestois 29;1;2019;Ligue 1;14;20;0;1;731;40,00;8.600.000;0
337;2019_Ligue 1;2019_RC Strasbourg Alsace;0;2019;Ligue 1;10;9;0;1;1.788;100,00;14.800.000;0
338;2019_Ligue 1;2019_Paris Saint-Germain;1;2019;Ligue 1;1;1;0;1;912;50,00;264.000.000;0
339;2019_Ligue 1;2019_Olympique Marseille;1;2019;Ligue 1;2;5;0;1;582;60,00;16.000.000;0
340;2019_Ligue 1;2019_Olympique Lyon;0;2019;Ligue 1;7;2;0;1;98;83,33;88.000.000;1
341;2019_Ligue 1;2019_OGC Nice;1;2019;Ligue 1;5;6;0;1;887;87,50;19.600.000;1
342;2019_Ligue 1;2019_Nîmes Olympique;0;2019;Ligue 1;18;18;0;1;1.674;72,73;6.800.000;0
343;2019_Ligue 1;2019_Montpellier HSC;1;2019;Ligue 1;8;14;0;1;1.462;66,67;8.000.000;0
344;2019_Ligue 1;2019_LOSC Lille;0;2019;Ligue 1;4;4;0;1;1.279;87,50;29.000.000;0
345;2019_Ligue 1;2019_FC Toulouse;0;2019;Ligue 1;20;13;0;0;472;66,67;12.000.000;1
346;2019_Ligue 1;2019_FC Nantes;0;2019;Ligue 1;13;12;0;1;488;33,33;7.500.000;0
347;2019_Ligue 1;2019_FC Metz;1;2019;Ligue 1;15;16;0;1;668;55,56;16.800.000;1
348;2019_Ligue 1;2019_FC Girondins Bordeaux;0;2019;Ligue 1;12;8;0;1;521;25,00;15.800.000;1
349;2019_Ligue 1;2019_Dijon FCO;1;2019;Ligue 1;16;17;0;1;504;60,00;7.800.000;0
350;2019_Ligue 1;2019_Angers SCO;1;2019;Ligue 1;11;15;0;1;3.615;50,00;10.900.000;0
351;2019_Ligue 1;2019_Amiens SC;0;2019;Ligue 1;19;19;0;1;455;42,86;4.000.000;1
352;2019_Ligue 1;2019_AS Saint-Étienne;0;2019;Ligue 1;17;10;0;1;120;83,33;15.100.000;1
353;2019_Ligue 1;2019_AS Monaco;0;2019;Ligue 1;9;3;0;0;334;33,33;84.800.000;1
354;2019_LaLiga;2019_Villarreal CF;1;2019;LaLiga;5;9;0;0;538;50,00;46.400.000;0
355;2019_LaLiga;2019_Valencia CF;0;2019;LaLiga;9;4;0;1;802;75,00;103.400.000;0
356;2019_LaLiga;2019_Sevilla FC;1;2019;LaLiga;4;6;0;1;1.193;22,22;45.300.000;0
357;2019_LaLiga;2019_SD Eibar;1;2019;LaLiga;14;18;1;0;2.191;33,33;6.000.000;0
358;2019_LaLiga;2019_Real Valladolid CF;1;2019;LaLiga;13;16;0;1;1.177;71,43;12.000.000;1
359;2019_LaLiga;2019_Real Sociedad;0;2019;LaLiga;6;5;0;0;1.642;66,67;49.700.000;1
360;2019_LaLiga;2019_Real Madrid;1;2019;LaLiga;1;2;0;0;842;60,00;77.000.000;0
361;2019_LaLiga;2019_Real Betis Balompié;0;2019;LaLiga;15;7;0;1;356;66,67;30.500.000;0
362;2019_LaLiga;2019_RCD Mallorca;0;2019;LaLiga;19;17;0;1;1.129;18,75;7.900.000;0
363;2019_LaLiga;2019_RCD Espanyol Barcelona;0;2019;LaLiga;20;12;0;1;98;100,00;27.600.000;1
364;2019_LaLiga;2019_Levante UD;1;2019;LaLiga;12;15;0;1;1.308;75,00;16.900.000;0
365;2019_LaLiga;2019_Granada CF;1;2019;LaLiga;7;20;0;1;1.095;30,00;4.500.000;0
366;2019_LaLiga;2019_Getafe CF;1;2019;LaLiga;8;10;1;1;1.737;0,00;22.600.000;1
367;2019_LaLiga;2019_FC Barcelona;0;2019;LaLiga;2;1;0;1;926;100,00;133.500.000;1
368;2019_LaLiga;2019_Deportivo Alavés;0;2019;LaLiga;16;13;0;1;370;60,00;24.400.000;1
369;2019_LaLiga;2019_Celta de Vigo;0;2019;LaLiga;17;11;0;1;245;16,67;39.900.000;0
370;2019_LaLiga;2019_CD Leganés;0;2019;LaLiga;18;14;0;1;477;75,00;19.600.000;0
371;2019_LaLiga;2019_CA Osasuna;1;2019;LaLiga;10;19;0;1;1.821;66,67;15.800.000;0
372;2019_LaLiga;2019_Atlético de Madrid;0;2019;LaLiga;3;3;0;1;4.203;62,50;135.000.000;0
373;2019_LaLiga;2019_Athletic Bilbao;0;2019;LaLiga;11;8;0;1;760;100,00;49.200.000;0
374;2019_Bundesliga;2019_VfL Wolfsburg;1;2019;Bundesliga;7;8;0;1;730;57,14;42.100.000;1
375;2019_Bundesliga;2019_TSG 1899 Hoffenheim;1;2019;Bundesliga;6;7;0;1;344;33,33;70.500.000;0
376;2019_Bundesliga;2019_SV Werder Bremen;0;2019;Bundesliga;16;10;0;1;1.283;66,67;26.200.000;0
377;2019_Bundesliga;2019_SC Paderborn 07;0;2019;Bundesliga;18;18;0;1;1.536;23,81;2.600.000;0
378;2019_Bundesliga;2019_SC Freiburg;1;2019;Bundesliga;8;12;0;1;4.194;60,00;27.500.000;0
379;2019_Bundesliga;2019_RB Leipzig;0;2019;Bundesliga;3;3;0;1;730;87,50;163.000.000;1
380;2019_Bundesliga;2019_Hertha BSC;0;2019;Bundesliga;10;9;0;1;149;60,00;47.800.000;1
381;2019_Bundesliga;2019_Fortuna Düsseldorf;0;2019;Bundesliga;17;16;0;1;1.416;28,57;10.400.000;1
382;2019_Bundesliga;2019_FC Schalke 04;0;2019;Bundesliga;12;6;0;1;454;100,00;28.900.000;0
383;2019_Bundesliga;2019_FC Augsburg;0;2019;Bundesliga;15;14;0;1;335;50,00;20.600.000;1
384;2019_Bundesliga;2019_Eintracht Frankfurt;1;2019;Bundesliga;9;11;0;1;1.095;50,00;38.100.000;0
385;2019_Bundesliga;2019_Borussia Mönchengladbach;1;2019;Bundesliga;4;5;0;1;730;66,67;36.700.000;0
386;2019_Bundesliga;2019_Borussia Dortmund;0;2019;Bundesliga;2;2;0;1;896;100,00;72.000.000;0
387;2019_Bundesliga;2019_Bayern Munich;1;2019;Bundesliga;1;1;0;1;490;50,00;90.500.000;0
388;2019_Bundesliga;2019_Bayer 04 Leverkusen;0;2019;Bundesliga;5;4;0;1;821;80,00;122.500.000;0
389;2019_Bundesliga;2019_1.FSV Mainz 05;0;2019;Bundesliga;13;13;0;1;862;75,00;39.500.000;0
390;2019_Bundesliga;2019_1.FC Union Berlin;1;2019;Bundesliga;11;17;0;1;1.821;16,67;10.200.000;0
391;2019_Bundesliga;2019_1.FC Köln;1;2019;Bundesliga;14;15;0;1;131;46,67;21.100.000;1
392;2018_Serie A;2018_Udinese Calcio;1;2018;Serie A;12;13;0;1;135;54,55;21.500.000;1
393;2018_Serie A;2018_US Sassuolo;0;2018;Serie A;11;10;0;1;1.058;87,50;4.500.000;0
394;2018_Serie A;2018_UC Sampdoria;0;2018;Serie A;9;9;0;1;1.076;66,67;45.500.000;0
395;2018_Serie A;2018_Torino FC;1;2018;Serie A;7;11;0;1;761;66,67;46.000.000;0
396;2018_Serie A;2018_SSC Napoli;0;2018;Serie A;2;2;0;1;527;40,00;65.000.000;0
397;2018_Serie A;2018_SS Lazio;0;2018;Serie A;8;7;0;1;1.790;57,14;63.000.000;1
398;2018_Serie A;2018_SPAL;1;2018;Serie A;13;18;0;1;1.890;50,00;22.000.000;0
399;2018_Serie A;2018_Parma Calcio 1913;1;2018;Serie A;14;17;0;1;1.359;62,50;15.000.000;1
400;2018_Serie A;2018_Juventus FC;1;2018;Serie A;1;1;0;1;1.810;33,33;235.500.000;0
401;2018_Serie A;2018_Inter Milan;0;2018;Serie A;4;3;0;1;720;50,00;140.000.000;0
402;2018_Serie A;2018_Genoa CFC;0;2018;Serie A;17;12;0;0;337;28,57;70.000.000;1
403;2018_Serie A;2018_Frosinone Calcio;0;2018;Serie A;19;19;0;1;553;42,86;17.250.000;1
404;2018_Serie A;2018_FC Empoli;0;2018;Serie A;18;16;0;1;323;0,00;15.800.000;1
405;2018_Serie A;2018_Chievo Verona;0;2018;Serie A;20;20;0;1;163;0,00;2.000.000;1
406;2018_Serie A;2018_Cagliari Calcio;0;2018;Serie A;15;14;0;1;611;25,00;26.000.000;1
407;2018_Serie A;2018_Bologna FC 1909;1;2018;Serie A;10;15;0;1;211;57,14;12.500.000;0
408;2018_Serie A;2018_Atalanta BC;1;2018;Serie A;3;6;0;1;2.568;66,67;42.300.000;0
409;2018_Serie A;2018_AS Roma;0;2018;Serie A;6;5;0;1;632;57,14;14.000.000;0
410;2018_Serie A;2018_ACF Fiorentina;0;2018;Serie A;16;8;0;1;647;75,00;34.500.000;0
411;2018_Serie A;2018_AC Milan;0;2018;Serie A;5;4;0;1;546;33,33;103.000.000;0
412;2018_Premier League;2018_Wolverhampton Wanderers;1;2018;Premier League;7;13;0;1;1.460;25,00;35.000.000;0
413;2018_Premier League;2018_West Ham United;0;2018;Premier League;10;9;1;1;545;50,00;74.000.000;1
414;2018_Premier League;2018_Watford FC;1;2018;Premier League;11;17;0;1;594;60,00;46.200.000;1
415;2018_Premier League;2018_Tottenham Hotspur;0;2018;Premier League;4;4;0;1;1.967;100,00;161.500.000;0
416;2018_Premier League;2018_Southampton FC;0;2018;Premier League;16;12;0;1;264;40,00;46.000.000;0
417;2018_Premier League;2018_Newcastle United;1;2018;Premier League;13;15;0;1;1.206;20,00;13.000.000;0
418;2018_Premier League;2018_Manchester United;0;2018;Premier League;6;5;0;1;900;75,00;170.000.000;1
419;2018_Premier League;2018_Manchester City;1;2018;Premier League;1;1;0;1;2.551;0,00;135.000.000;1
420;2018_Premier League;2018_Liverpool FC;0;2018;Premier League;2;2;0;1;2.818;0,00;133.000.000;0
421;2018_Premier League;2018_Leicester City;0;2018;Premier League;9;8;0;1;487;60,00;36.000.000;0
422;2018_Premier League;2018_Huddersfield Town;0;2018;Premier League;20;19;0;1;1.162;88,89;23.000.000;0
423;2018_Premier League;2018_Fulham FC;0;2018;Premier League;19;14;0;1;1.053;12,50;27.750.000;0
424;2018_Premier League;2018_Everton FC;0;2018;Premier League;8;7;0;1;553;0,00;114.000.000;0
425;2018_Premier League;2018_Crystal Palace;0;2018;Premier League;12;11;0;1;1.387;50,00;54.000.000;0
426;2018_Premier League;2018_Chelsea FC;0;2018;Premier League;3;3;0;1;351;0,00;100.000.000;1
427;2018_Premier League;2018_Cardiff City;1;2018;Premier League;18;20;0;1;1.132;0,00;25.500.000;0
428;2018_Premier League;2018_Burnley FC;1;2018;Premier League;15;16;1;1;3.454;0,00;42.000.000;0
429;2018_Premier League;2018_Brighton & Hove Albion;1;2018;Premier League;17;18;0;1;1.594;14,29;23.000.000;1
430;2018_Premier League;2018_Arsenal FC;1;2018;Premier League;5;6;0;1;516;42,86;160.000.000;1
431;2018_Premier League;2018_AFC Bournemouth;0;2018;Premier League;14;10;0;0;2.848;66,67;73.500.000;1
432;2018_Ligue 1;2018_Stade Rennais FC;0;2018;Ligue 1;10;8;0;1;390;83,33;24.000.000;1
433;2018_Ligue 1;2018_Stade Reims;1;2018;Ligue 1;8;15;0;1;1.464;46,67;8.000.000;1
434;2018_Ligue 1;2018_SM Caen;0;2018;Ligue 1;19;19;0;1;351;60,00;8.500.000;1
435;2018_Ligue 1;2018_RC Strasbourg Alsace;0;2018;Ligue 1;11;11;0;1;1.788;55,56;17.300.000;0
436;2018_Ligue 1;2018_Paris Saint-Germain;1;2018;Ligue 1;1;1;0;1;912;50,00;57.000.000;0
437;2018_Ligue 1;2018_Olympique Marseille;0;2018;Ligue 1;5;5;0;1;983;75,00;34.000.000;0
438;2018_Ligue 1;2018_Olympique Lyon;0;2018;Ligue 1;3;2;0;1;1.284;66,67;76.500.000;0
439;2018_Ligue 1;2018_OGC Nice;0;2018;Ligue 1;7;6;0;1;887;100,00;25.000.000;1
440;2018_Ligue 1;2018_Nîmes Olympique;1;2018;Ligue 1;9;13;0;1;1.674;50,00;12.500.000;0
441;2018_Ligue 1;2018_Montpellier HSC;1;2018;Ligue 1;6;12;0;1;1.462;66,67;23.500.000;0
442;2018_Ligue 1;2018_LOSC Lille;1;2018;Ligue 1;2;4;0;1;1.279;40,00;5.500.000;0
443;2018_Ligue 1;2018_FC Toulouse;0;2018;Ligue 1;16;14;0;0;472;77,78;8.000.000;0
444;2018_Ligue 1;2018_FC Nantes;0;2018;Ligue 1;12;10;0;1;111;63,64;8.500.000;1
445;2018_Ligue 1;2018_FC Girondins Bordeaux;0;2018;Ligue 1;14;7;0;1;209;90,00;13.450.000;1
446;2018_Ligue 1;2018_EA Guingamp;0;2018;Ligue 1;20;17;0;1;858;57,14;15.000.000;1
447;2018_Ligue 1;2018_Dijon FCO;1;2018;Ligue 1;18;20;0;1;2.404;37,50;13.500.000;0
448;2018_Ligue 1;2018_Angers SCO;1;2018;Ligue 1;13;18;0;1;3.615;50,00;11.000.000;0
449;2018_Ligue 1;2018_Amiens SC;1;2018;Ligue 1;15;16;0;1;1.609;27,27;10.500.000;0
450;2018_Ligue 1;2018_AS Saint-Étienne;1;2018;Ligue 1;4;9;0;1;557;100,00;28.500.000;1
451;2018_Ligue 1;2018_AS Monaco;0;2018;Ligue 1;17;3;0;1;1.563;42,86;36.500.000;1
452;2018_LaLiga;2018_Villarreal CF;0;2018;LaLiga;14;10;0;1;441;71,43;17.500.000;0
453;2018_LaLiga;2018_Valencia CF;0;2018;LaLiga;4;4;0;1;802;66,67;122.000.000;0
454;2018_LaLiga;2018_Sevilla FC;1;2018;LaLiga;6;7;0;1;257;63,64;85.000.000;0
455;2018_LaLiga;2018_SD Huesca;1;2018;LaLiga;19;20;0;1;100;13,33;19.000.000;1
456;2018_LaLiga;2018_SD Eibar;1;2018;LaLiga;12;17;0;0;2.191;60,00;14.000.000;0
457;2018_LaLiga;2018_Real Valladolid CF;1;2018;LaLiga;16;18;0;1;1.177;45,45;15.000.000;1
458;2018_LaLiga;2018_Real Sociedad;0;2018;LaLiga;9;5;0;1;178;80,00;36.000.000;1
459;2018_LaLiga;2018_Real Madrid;0;2018;LaLiga;3;3;0;1;120;100,00;60.000.000;0
460;2018_LaLiga;2018_Real Betis Balompié;0;2018;LaLiga;10;6;0;1;729;80,00;22.000.000;0
461;2018_LaLiga;2018_Rayo Vallecano;0;2018;LaLiga;20;19;0;1;755;50,00;2.000.000;1
462;2018_LaLiga;2018_RCD Espanyol Barcelona;1;2018;LaLiga;7;11;0;1;364;71,43;37.500.000;0
463;2018_LaLiga;2018_Levante UD;0;2018;LaLiga;15;15;0;1;1.308;50,00;26.500.000;0
464;2018_LaLiga;2018_Girona FC;0;2018;LaLiga;18;16;0;1;364;80,00;10.000.000;0
465;2018_LaLiga;2018_Getafe CF;1;2018;LaLiga;5;12;0;1;1.737;0,00;22.000.000;0
466;2018_LaLiga;2018_FC Barcelona;1;2018;LaLiga;1;1;0;1;926;87,50;60.000.000;1
467;2018_LaLiga;2018_Deportivo Alavés;1;2018;LaLiga;11;13;0;1;576;50,00;16.000.000;0
468;2018_LaLiga;2018_Celta de Vigo;0;2018;LaLiga;17;8;0;1;134;30,00;66.200.000;0
469;2018_LaLiga;2018_CD Leganés;1;2018;LaLiga;13;14;0;1;477;44,44;32.500.000;1
470;2018_LaLiga;2018_Atlético de Madrid;0;2018;LaLiga;2;2;0;1;4.203;62,50;220.500.000;0
471;2018_LaLiga;2018_Athletic Bilbao;1;2018;LaLiga;8;9;0;1;156;75,00;59.500.000;1
472;2018_Bundesliga;2018_VfL Wolfsburg;1;2018;Bundesliga;6;9;0;1;495;25,00;42.000.000;0
473;2018_Bundesliga;2018_VfB Stuttgart;0;2018;Bundesliga;16;14;0;1;250;100,00;2.000.000;0
474;2018_Bundesliga;2018_TSG 1899 Hoffenheim;0;2018;Bundesliga;9;5;0;1;1.235;71,43;59.000.000;1
475;2018_Bundesliga;2018_SV Werder Bremen;1;2018;Bundesliga;8;11;0;1;1.283;50,00;31.000.000;0
476;2018_Bundesliga;2018_SC Freiburg;1;2018;Bundesliga;13;15;0;1;4.194;85,71;28.000.000;0
477;2018_Bundesliga;2018_RB Leipzig;0;2018;Bundesliga;3;3;0;0;356;100,00;131.000.000;0
478;2018_Bundesliga;2018_Hertha BSC;0;2018;Bundesliga;11;10;0;1;1.606;100,00;21.500.000;1
479;2018_Bundesliga;2018_Hannover 96;0;2018;Bundesliga;17;16;0;1;678;75,00;23.000.000;0
480;2018_Bundesliga;2018_Fortuna Düsseldorf;1;2018;Bundesliga;10;17;0;1;1.416;50,00;14.500.000;0
481;2018_Bundesliga;2018_FC Schalke 04;0;2018;Bundesliga;14;8;0;1;621;83,33;43.000.000;1
482;2018_Bundesliga;2018_FC Augsburg;0;2018;Bundesliga;15;13;0;1;832;100,00;30.750.000;1
483;2018_Bundesliga;2018_Eintracht Frankfurt;0;2018;Bundesliga;7;7;0;1;1.095;40,00;106.000.000;1
484;2018_Bundesliga;2018_Borussia Mönchengladbach;1;2018;Bundesliga;5;6;0;1;921;50,00;5.500.000;0
485;2018_Bundesliga;2018_Borussia Dortmund;0;2018;Bundesliga;2;2;0;1;896;33,33;58.000.000;0
486;2018_Bundesliga;2018_Bayern Munich;1;2018;Bundesliga;1;1;0;1;490;100,00;106.000.000;0
487;2018_Bundesliga;2018_Bayer 04 Leverkusen;0;2018;Bundesliga;4;4;0;1;540;50,00;140.500.000;0
488;2018_Bundesliga;2018_1.FSV Mainz 05;0;2018;Bundesliga;12;12;0;1;862;80,00;36.750.000;1
489;2018_Bundesliga;2018_1.FC Nuremberg;0;2018;Bundesliga;18;18;0;1;591;36,84;6.000.000;0
