competicion_id;plantilla_id;valor_mercado_total_plantilla;clasificacion_valor_mercado_competicion
2022_Serie A;2022_SSC Napoli;600100000.0;1
2022_Serie A;2022_AC Milan;535000000.0;2
2022_Serie A;2022_Inter Milan;527500000.0;3
2022_Serie A;2022_Juventus FC;383500000.0;4
2022_Serie A;2022_AS Roma;309300000.0;5
2022_Serie A;2022_Atalanta BC;286000000.0;6
2022_Serie A;2022_ACF Fiorentina;239000000.0;7
2022_Serie A;2022_SS Lazio;231500000.0;8
2022_Serie A;2022_Torino FC;152200000.0;9
2022_Serie A;2022_US Sassuolo;147500000.0;10
2022_Serie A;2022_Bologna FC 1909;139600000.0;11
2022_Serie A;2022_AC Monza;107100000.0;12
2022_Serie A;2022_Udinese Calcio;103400000.0;13
2022_Serie A;2022_US Salernitana 1919;97300000.0;14
2022_Serie A;2022_US Lecce;90400000.0;15
2022_Serie A;2022_FC Empoli;86000000.0;16
2022_Serie A;2022_Hellas Verona;70200000.0;17
2022_Serie A;2022_Spezia Calcio;70100000.0;18
2022_Serie A;2022_UC Sampdoria;54000000.0;19
2022_Serie A;2022_US Cremonese;42500000.0;20
2022_Premier League;2022_Manchester City;1051000000.0;1
2022_Premier League;2022_Chelsea FC;999500000.0;2
2022_Premier League;2022_Arsenal FC;917000000.0;3
2022_Premier League;2022_Liverpool FC;876000000.0;4
2022_Premier League;2022_Manchester United;802000000.0;5
2022_Premier League;2022_Tottenham Hotspur;619500000.0;6
2022_Premier League;2022_Newcastle United;491000000.0;7
2022_Premier League;2022_West Ham United;445300000.0;8
2022_Premier League;2022_Leicester City;443500000.0;9
2022_Premier League;2022_Aston Villa;422000000.0;10
2022_Premier League;2022_Wolverhampton Wanderers;387800000.0;11
2022_Premier League;2022_Southampton FC;374800000.0;12
2022_Premier League;2022_Everton FC;348700000.0;13
2022_Premier League;2022_Brighton & Hove Albion;342500000.0;14
2022_Premier League;2022_Leeds United;329500000.0;15
2022_Premier League;2022_Brentford FC;317700000.0;16
2022_Premier League;2022_Nottingham Forest;307200000.0;17
2022_Premier League;2022_Crystal Palace;297000000.0;18
2022_Premier League;2022_AFC Bournemouth;241200000.0;19
2022_Premier League;2022_Fulham FC;240000000.0;20
2022_Ligue 1;2022_Paris Saint-Germain;814000000.0;1
2022_Ligue 1;2022_Stade Rennais FC;319500000.0;2
2022_Ligue 1;2022_AS Monaco;319200000.0;3
2022_Ligue 1;2022_OGC Nice;232500000.0;4
2022_Ligue 1;2022_Olympique Lyon;231200000.0;5
2022_Ligue 1;2022_LOSC Lille;219800000.0;6
2022_Ligue 1;2022_Olympique Marseille;188500000.0;7
2022_Ligue 1;2022_RC Lens;182200000.0;8
2022_Ligue 1;2022_FC Nantes;119700000.0;9
2022_Ligue 1;2022_Montpellier HSC;112700000.0;10
2022_Ligue 1;2022_Stade Reims;89250000.0;11
2022_Ligue 1;2022_FC Lorient;85200000.0;12
2022_Ligue 1;2022_RC Strasbourg Alsace;84700000.0;13
2022_Ligue 1;2022_FC Toulouse;76700000.0;14
2022_Ligue 1;2022_ESTAC Troyes;71100000.0;15
2022_Ligue 1;2022_Stade Brestois 29;66300000.0;16
2022_Ligue 1;2022_Angers SCO;47800000.0;17
2022_Ligue 1;2022_AJ Auxerre;46100000.0;18
2022_Ligue 1;2022_Clermont Foot 63;33600000.0;19
2022_Ligue 1;2022_AC Ajaccio;16900000.0;20
2022_LaLiga;2022_Real Madrid;864500000.0;1
2022_LaLiga;2022_FC Barcelona;797000000.0;2
2022_LaLiga;2022_Atlético de Madrid;435500000.0;3
2022_LaLiga;2022_Real Sociedad;348500000.0;4
2022_LaLiga;2022_Villarreal CF;263500000.0;5
2022_LaLiga;2022_Athletic Bilbao;217600000.0;6
2022_LaLiga;2022_Real Betis Balompié;217400000.0;7
2022_LaLiga;2022_Sevilla FC;189500000.0;8
2022_LaLiga;2022_Valencia CF;168500000.0;9
2022_LaLiga;2022_Celta de Vigo;135000000.0;10
2022_LaLiga;2022_CA Osasuna;134800000.0;11
2022_LaLiga;2022_Girona FC;128300000.0;12
2022_LaLiga;2022_Getafe CF;105700000.0;13
2022_LaLiga;2022_RCD Espanyol Barcelona;104000000.0;14
2022_LaLiga;2022_Rayo Vallecano;95000000.0;15
2022_LaLiga;2022_UD Almería;80200000.0;16
2022_LaLiga;2022_RCD Mallorca;77600000.0;17
2022_LaLiga;2022_Real Valladolid CF;65000000.0;18
2022_LaLiga;2022_Elche CF;51800000.0;19
2022_LaLiga;2022_Cádiz CF;45600000.0;20
2022_Bundesliga;2022_Bayern Munich;978500000.0;1
2022_Bundesliga;2022_Borussia Dortmund;545000000.0;2
2022_Bundesliga;2022_RB Leipzig;485800000.0;3
2022_Bundesliga;2022_Bayer 04 Leverkusen;421000000.0;4
2022_Bundesliga;2022_Eintracht Frankfurt;282200000.0;5
2022_Bundesliga;2022_Borussia Mönchengladbach;220500000.0;6
2022_Bundesliga;2022_VfL Wolfsburg;200000000.0;7
2022_Bundesliga;2022_SC Freiburg;162300000.0;8
2022_Bundesliga;2022_TSG 1899 Hoffenheim;151000000.0;9
2022_Bundesliga;2022_1.FC Union Berlin;124000000.0;10
2022_Bundesliga;2022_FC Augsburg;108200000.0;11
2022_Bundesliga;2022_1.FSV Mainz 05;102000000.0;12
2022_Bundesliga;2022_1.FC Köln;96000000.0;13
2022_Bundesliga;2022_VfB Stuttgart;90700000.0;14
2022_Bundesliga;2022_Hertha BSC;84900000.0;15
2022_Bundesliga;2022_SV Werder Bremen;72500000.0;16
2022_Bundesliga;2022_FC Schalke 04;49400000.0;17
2022_Bundesliga;2022_VfL Bochum;41800000.0;18
2021_Serie A;2021_Juventus FC;571000000.0;1
2021_Serie A;2021_Inter Milan;523000000.0;2
2021_Serie A;2021_SSC Napoli;449900000.0;3
2021_Serie A;2021_AC Milan;410500000.0;4
2021_Serie A;2021_Atalanta BC;386500000.0;5
2021_Serie A;2021_AS Roma;335100000.0;6
2021_Serie A;2021_ACF Fiorentina;301400000.0;7
2021_Serie A;2021_SS Lazio;258300000.0;8
2021_Serie A;2021_Torino FC;217100000.0;9
2021_Serie A;2021_US Sassuolo;196800000.0;10
2021_Serie A;2021_Udinese Calcio;132100000.0;11
2021_Serie A;2021_Bologna FC 1909;131600000.0;12
2021_Serie A;2021_FC Empoli;117200000.0;13
2021_Serie A;2021_Genoa CFC;106400000.0;14
2021_Serie A;2021_UC Sampdoria;101500000.0;15
2021_Serie A;2021_Hellas Verona;92200000.0;16
2021_Serie A;2021_Cagliari Calcio;92200000.0;17
2021_Serie A;2021_Venezia FC;71700000.0;18
2021_Serie A;2021_Spezia Calcio;62900000.0;19
2021_Serie A;2021_US Salernitana 1919;59300000.0;20
2021_Premier League;2021_Manchester City;969500000.0;1
2021_Premier League;2021_Liverpool FC;901500000.0;2
2021_Premier League;2021_Chelsea FC;795500000.0;3
2021_Premier League;2021_Manchester United;718500000.0;4
2021_Premier League;2021_Tottenham Hotspur;674500000.0;5
2021_Premier League;2021_Arsenal FC;534000000.0;6
2021_Premier League;2021_Leicester City;512300000.0;7
2021_Premier League;2021_Aston Villa;463000000.0;8
2021_Premier League;2021_Everton FC;426300000.0;9
2021_Premier League;2021_West Ham United;350200000.0;10
2021_Premier League;2021_Wolverhampton Wanderers;338100000.0;11
2021_Premier League;2021_Newcastle United;311600000.0;12
2021_Premier League;2021_Leeds United;289000000.0;13
2021_Premier League;2021_Brighton & Hove Albion;286000000.0;14
2021_Premier League;2021_Brentford FC;265200000.0;15
2021_Premier League;2021_Southampton FC;246100000.0;16
2021_Premier League;2021_Crystal Palace;243500000.0;17
2021_Premier League;2021_Watford FC;139300000.0;18
2021_Premier League;2021_Burnley FC;134500000.0;19
2021_Premier League;2021_Norwich City;122200000.0;20
2021_Ligue 1;2021_Paris Saint-Germain;815500000.0;1
2021_Ligue 1;2021_AS Monaco;387500000.0;2
2021_Ligue 1;2021_Olympique Lyon;378800000.0;3
2021_Ligue 1;2021_LOSC Lille;286500000.0;4
2021_Ligue 1;2021_Olympique Marseille;257000000.0;5
2021_Ligue 1;2021_Stade Rennais FC;241500000.0;6
2021_Ligue 1;2021_OGC Nice;235500000.0;7
2021_Ligue 1;2021_Stade Reims;134600000.0;8
2021_Ligue 1;2021_RC Lens;114500000.0;9
2021_Ligue 1;2021_Montpellier HSC;108800000.0;10
2021_Ligue 1;2021_RC Strasbourg Alsace;103600000.0;11
2021_Ligue 1;2021_AS Saint-Étienne;99700000.0;12
2021_Ligue 1;2021_Stade Brestois 29;96500000.0;13
2021_Ligue 1;2021_FC Nantes;92300000.0;14
2021_Ligue 1;2021_FC Girondins Bordeaux;82500000.0;15
2021_Ligue 1;2021_Angers SCO;82200000.0;16
2021_Ligue 1;2021_FC Metz;63000000.0;17
2021_Ligue 1;2021_ESTAC Troyes;60200000.0;18
2021_Ligue 1;2021_FC Lorient;54500000.0;19
2021_Ligue 1;2021_Clermont Foot 63;46100000.0;20
2021_LaLiga;2021_Real Madrid;756000000.0;1
2021_LaLiga;2021_FC Barcelona;652200000.0;2
2021_LaLiga;2021_Atlético de Madrid;623000000.0;3
2021_LaLiga;2021_Sevilla FC;373000000.0;4
2021_LaLiga;2021_Real Sociedad;365200000.0;5
2021_LaLiga;2021_Villarreal CF;362500000.0;6
2021_LaLiga;2021_Valencia CF;307200000.0;7
2021_LaLiga;2021_Real Betis Balompié;248000000.0;8
2021_LaLiga;2021_Athletic Bilbao;224500000.0;9
2021_LaLiga;2021_Getafe CF;156900000.0;10
2021_LaLiga;2021_RCD Espanyol Barcelona;120600000.0;11
2021_LaLiga;2021_Celta de Vigo;115200000.0;12
2021_LaLiga;2021_Granada CF;94600000.0;13
2021_LaLiga;2021_CA Osasuna;86300000.0;14
2021_LaLiga;2021_Levante UD;70800000.0;15
2021_LaLiga;2021_RCD Mallorca;67700000.0;16
2021_LaLiga;2021_Rayo Vallecano;54900000.0;17
2021_LaLiga;2021_Cádiz CF;52600000.0;18
2021_LaLiga;2021_Deportivo Alavés;51600000.0;19
2021_LaLiga;2021_Elche CF;46200000.0;20
2021_Bundesliga;2021_Bayern Munich;776300000.0;1
2021_Bundesliga;2021_Borussia Dortmund;546700000.0;2
2021_Bundesliga;2021_Bayer 04 Leverkusen;443000000.0;3
2021_Bundesliga;2021_RB Leipzig;421200000.0;4
2021_Bundesliga;2021_VfL Wolfsburg;235500000.0;5
2021_Bundesliga;2021_Borussia Mönchengladbach;228800000.0;6
2021_Bundesliga;2021_Eintracht Frankfurt;222500000.0;7
2021_Bundesliga;2021_TSG 1899 Hoffenheim;197700000.0;8
2021_Bundesliga;2021_VfB Stuttgart;167300000.0;9
2021_Bundesliga;2021_SC Freiburg;159400000.0;10
2021_Bundesliga;2021_1.FSV Mainz 05;122000000.0;11
2021_Bundesliga;2021_Hertha BSC;107100000.0;12
2021_Bundesliga;2021_1.FC Köln;96400000.0;13
2021_Bundesliga;2021_FC Augsburg;91400000.0;14
2021_Bundesliga;2021_1.FC Union Berlin;72700000.0;15
2021_Bundesliga;2021_Arminia Bielefeld;53900000.0;16
2021_Bundesliga;2021_VfL Bochum;44700000.0;17
2021_Bundesliga;2021_SpVgg Greuther Fürth;28700000.0;18
2020_Serie A;2020_Juventus FC;603700000.0;1
2020_Serie A;2020_Inter Milan;569500000.0;2
2020_Serie A;2020_SSC Napoli;526500000.0;3
2020_Serie A;2020_AC Milan;450700000.0;4
2020_Serie A;2020_Atalanta BC;402700000.0;5
2020_Serie A;2020_SS Lazio;317700000.0;6
2020_Serie A;2020_AS Roma;274500000.0;7
2020_Serie A;2020_US Sassuolo;204800000.0;8
2020_Serie A;2020_ACF Fiorentina;191200000.0;9
2020_Serie A;2020_Cagliari Calcio;154000000.0;10
2020_Serie A;2020_Udinese Calcio;149000000.0;11
2020_Serie A;2020_Torino FC;147400000.0;12
2020_Serie A;2020_Bologna FC 1909;145000000.0;13
2020_Serie A;2020_Hellas Verona;138100000.0;14
2020_Serie A;2020_Genoa CFC;97700000.0;15
2020_Serie A;2020_UC Sampdoria;97300000.0;16
2020_Serie A;2020_Parma Calcio 1913;77500000.0;17
2020_Serie A;2020_Spezia Calcio;61500000.0;18
2020_Serie A;2020_FC Crotone;44000000.0;19
2020_Serie A;2020_Benevento Calcio;42800000.0;20
2020_Premier League;2020_Manchester City;1028500000.0;1
2020_Premier League;2020_Liverpool FC;920000000.0;2
2020_Premier League;2020_Chelsea FC;819000000.0;3
2020_Premier League;2020_Manchester United;757000000.0;4
2020_Premier League;2020_Tottenham Hotspur;644500000.0;5
2020_Premier League;2020_Arsenal FC;574500000.0;6
2020_Premier League;2020_Leicester City;507000000.0;7
2020_Premier League;2020_Everton FC;469800000.0;8
2020_Premier League;2020_Aston Villa;399000000.0;9
2020_Premier League;2020_Wolverhampton Wanderers;390800000.0;10
2020_Premier League;2020_Brighton & Hove Albion;253500000.0;11
2020_Premier League;2020_West Ham United;252000000.0;12
2020_Premier League;2020_Southampton FC;242700000.0;13
2020_Premier League;2020_Newcastle United;226500000.0;14
2020_Premier League;2020_Leeds United;185800000.0;15
2020_Premier League;2020_Fulham FC;182000000.0;16
2020_Premier League;2020_Crystal Palace;182000000.0;17
2020_Premier League;2020_Sheffield United;127000000.0;18
2020_Premier League;2020_Burnley FC;122000000.0;19
2020_Premier League;2020_West Bromwich Albion;68500000.0;20
2020_Ligue 1;2020_Paris Saint-Germain;751700000.0;1
2020_Ligue 1;2020_AS Monaco;363500000.0;2
2020_Ligue 1;2020_Olympique Lyon;339600000.0;3
2020_Ligue 1;2020_LOSC Lille;319500000.0;4
2020_Ligue 1;2020_OGC Nice;228300000.0;5
2020_Ligue 1;2020_Stade Rennais FC;226000000.0;6
2020_Ligue 1;2020_Olympique Marseille;224100000.0;7
2020_Ligue 1;2020_Montpellier HSC;109800000.0;8
2020_Ligue 1;2020_RC Strasbourg Alsace;103400000.0;9
2020_Ligue 1;2020_AS Saint-Étienne;99500000.0;10
2020_Ligue 1;2020_Stade Reims;97750000.0;11
2020_Ligue 1;2020_FC Girondins Bordeaux;97300000.0;12
2020_Ligue 1;2020_RC Lens;95000000.0;13
2020_Ligue 1;2020_Stade Brestois 29;84300000.0;14
2020_Ligue 1;2020_FC Nantes;83900000.0;15
2020_Ligue 1;2020_FC Metz;82100000.0;16
2020_Ligue 1;2020_Angers SCO;70800000.0;17
2020_Ligue 1;2020_FC Lorient;61900000.0;18
2020_Ligue 1;2020_Dijon FCO;51500000.0;19
2020_Ligue 1;2020_Nîmes Olympique;50200000.0;20
2020_LaLiga;2020_FC Barcelona;767500000.0;1
2020_LaLiga;2020_Real Madrid;763500000.0;2
2020_LaLiga;2020_Atlético de Madrid;719000000.0;3
2020_LaLiga;2020_Real Sociedad;382500000.0;4
2020_LaLiga;2020_Sevilla FC;344000000.0;5
2020_LaLiga;2020_Villarreal CF;284300000.0;6
2020_LaLiga;2020_Valencia CF;271500000.0;7
2020_LaLiga;2020_Real Betis Balompié;206700000.0;8
2020_LaLiga;2020_Athletic Bilbao;202900000.0;9
2020_LaLiga;2020_Celta de Vigo;150700000.0;10
2020_LaLiga;2020_Getafe CF;145200000.0;11
2020_LaLiga;2020_Granada CF;105300000.0;12
2020_LaLiga;2020_Levante UD;103700000.0;13
2020_LaLiga;2020_CA Osasuna;90400000.0;14
2020_LaLiga;2020_SD Eibar;77500000.0;15
2020_LaLiga;2020_Deportivo Alavés;72100000.0;16
2020_LaLiga;2020_SD Huesca;59200000.0;17
2020_LaLiga;2020_Real Valladolid CF;54900000.0;18
2020_LaLiga;2020_Elche CF;36600000.0;19
2020_LaLiga;2020_Cádiz CF;31800000.0;20
2020_Bundesliga;2020_Bayern Munich;828500000.0;1
2020_Bundesliga;2020_Borussia Dortmund;595900000.0;2
2020_Bundesliga;2020_RB Leipzig;562500000.0;3
2020_Bundesliga;2020_Bayer 04 Leverkusen;369500000.0;4
2020_Bundesliga;2020_Borussia Mönchengladbach;295400000.0;5
2020_Bundesliga;2020_VfL Wolfsburg;255600000.0;6
2020_Bundesliga;2020_TSG 1899 Hoffenheim;223500000.0;7
2020_Bundesliga;2020_Eintracht Frankfurt;213900000.0;8
2020_Bundesliga;2020_Hertha BSC;207900000.0;9
2020_Bundesliga;2020_VfB Stuttgart;160700000.0;10
2020_Bundesliga;2020_SC Freiburg;135200000.0;11
2020_Bundesliga;2020_1.FSV Mainz 05;124300000.0;12
2020_Bundesliga;2020_FC Schalke 04;112900000.0;13
2020_Bundesliga;2020_1.FC Köln;98300000.0;14
2020_Bundesliga;2020_SV Werder Bremen;77500000.0;15
2020_Bundesliga;2020_1.FC Union Berlin;74800000.0;16
2020_Bundesliga;2020_FC Augsburg;73800000.0;17
2020_Bundesliga;2020_Arminia Bielefeld;48300000.0;18
2019_Serie A;2019_Juventus FC;656500000.0;1
2019_Serie A;2019_Inter Milan;547600000.0;2
2019_Serie A;2019_SSC Napoli;497800000.0;3
2019_Serie A;2019_AC Milan;361200000.0;4
2019_Serie A;2019_AS Roma;350300000.0;5
2019_Serie A;2019_SS Lazio;299900000.0;6
2019_Serie A;2019_Atalanta BC;282300000.0;7
2019_Serie A;2019_ACF Fiorentina;276000000.0;8
2019_Serie A;2019_Torino FC;138300000.0;9
2019_Serie A;2019_Cagliari Calcio;134500000.0;10
2019_Serie A;2019_US Sassuolo;128600000.0;11
2019_Serie A;2019_Udinese Calcio;107200000.0;12
2019_Serie A;2019_Parma Calcio 1913;107000000.0;13
2019_Serie A;2019_UC Sampdoria;104400000.0;14
2019_Serie A;2019_Hellas Verona;98900000.0;15
2019_Serie A;2019_Genoa CFC;96100000.0;16
2019_Serie A;2019_Brescia Calcio;75100000.0;17
2019_Serie A;2019_Bologna FC 1909;71900000.0;18
2019_Serie A;2019_US Lecce;40500000.0;19
2019_Serie A;2019_SPAL;40300000.0;20
2019_Premier League;2019_Manchester City;1036800000.0;1
2019_Premier League;2019_Liverpool FC;974400000.0;2
2019_Premier League;2019_Tottenham Hotspur;796700000.0;3
2019_Premier League;2019_Manchester United;660900000.0;4
2019_Premier League;2019_Chelsea FC;641800000.0;5
2019_Premier League;2019_Arsenal FC;573200000.0;6
2019_Premier League;2019_Everton FC;389300000.0;7
2019_Premier League;2019_Leicester City;365800000.0;8
2019_Premier League;2019_West Ham United;287100000.0;9
2019_Premier League;2019_AFC Bournemouth;269800000.0;10
2019_Premier League;2019_Wolverhampton Wanderers;253800000.0;11
2019_Premier League;2019_Newcastle United;247100000.0;12
2019_Premier League;2019_Aston Villa;211500000.0;13
2019_Premier League;2019_Watford FC;192000000.0;14
2019_Premier League;2019_Crystal Palace;188700000.0;15
2019_Premier League;2019_Southampton FC;175900000.0;16
2019_Premier League;2019_Brighton & Hove Albion;174700000.0;17
2019_Premier League;2019_Burnley FC;162500000.0;18
2019_Premier League;2019_Norwich City;142100000.0;19
2019_Premier League;2019_Sheffield United;130600000.0;20
2019_Ligue 1;2019_Paris Saint-Germain;829200000.0;1
2019_Ligue 1;2019_Olympique Lyon;376900000.0;2
2019_Ligue 1;2019_AS Monaco;284700000.0;3
2019_Ligue 1;2019_LOSC Lille;244300000.0;4
2019_Ligue 1;2019_Olympique Marseille;205500000.0;5
2019_Ligue 1;2019_OGC Nice;167400000.0;6
2019_Ligue 1;2019_Stade Rennais FC;155000000.0;7
2019_Ligue 1;2019_FC Girondins Bordeaux;122100000.0;8
2019_Ligue 1;2019_RC Strasbourg Alsace;82200000.0;9
2019_Ligue 1;2019_AS Saint-Étienne;78800000.0;10
2019_Ligue 1;2019_Stade Reims;78500000.0;11
2019_Ligue 1;2019_FC Nantes;75600000.0;12
2019_Ligue 1;2019_FC Toulouse;67800000.0;13
2019_Ligue 1;2019_Montpellier HSC;63800000.0;14
2019_Ligue 1;2019_Angers SCO;63500000.0;15
2019_Ligue 1;2019_FC Metz;47000000.0;16
2019_Ligue 1;2019_Dijon FCO;42700000.0;17
2019_Ligue 1;2019_Nîmes Olympique;41700000.0;18
2019_Ligue 1;2019_Amiens SC;41600000.0;19
2019_Ligue 1;2019_Stade Brestois 29;32700000.0;20
2019_LaLiga;2019_FC Barcelona;906000000.0;1
2019_LaLiga;2019_Real Madrid;904500000.0;2
2019_LaLiga;2019_Atlético de Madrid;693000000.0;3
2019_LaLiga;2019_Valencia CF;421400000.0;4
2019_LaLiga;2019_Real Sociedad;340800000.0;5
2019_LaLiga;2019_Sevilla FC;283300000.0;6
2019_LaLiga;2019_Real Betis Balompié;242300000.0;7
2019_LaLiga;2019_Athletic Bilbao;210000000.0;8
2019_LaLiga;2019_Villarreal CF;204000000.0;9
2019_LaLiga;2019_Getafe CF;174000000.0;10
2019_LaLiga;2019_Celta de Vigo;163800000.0;11
2019_LaLiga;2019_RCD Espanyol Barcelona;136900000.0;12
2019_LaLiga;2019_Deportivo Alavés;88800000.0;13
2019_LaLiga;2019_CD Leganés;85400000.0;14
2019_LaLiga;2019_Levante UD;77300000.0;15
2019_LaLiga;2019_Real Valladolid CF;76700000.0;16
2019_LaLiga;2019_RCD Mallorca;51800000.0;17
2019_LaLiga;2019_SD Eibar;49100000.0;18
2019_LaLiga;2019_CA Osasuna;47400000.0;19
2019_LaLiga;2019_Granada CF;45900000.0;20
2019_Bundesliga;2019_Bayern Munich;753600000.0;1
2019_Bundesliga;2019_Borussia Dortmund;613100000.0;2
2019_Bundesliga;2019_RB Leipzig;558800000.0;3
2019_Bundesliga;2019_Bayer 04 Leverkusen;390400000.0;4
2019_Bundesliga;2019_Borussia Mönchengladbach;251000000.0;5
2019_Bundesliga;2019_FC Schalke 04;217900000.0;6
2019_Bundesliga;2019_TSG 1899 Hoffenheim;211600000.0;7
2019_Bundesliga;2019_VfL Wolfsburg;197700000.0;8
2019_Bundesliga;2019_Hertha BSC;195500000.0;9
2019_Bundesliga;2019_SV Werder Bremen;124500000.0;10
2019_Bundesliga;2019_Eintracht Frankfurt;123600000.0;11
2019_Bundesliga;2019_SC Freiburg;109500000.0;12
2019_Bundesliga;2019_1.FSV Mainz 05;108000000.0;13
2019_Bundesliga;2019_FC Augsburg;103200000.0;14
2019_Bundesliga;2019_1.FC Köln;94300000.0;15
2019_Bundesliga;2019_Fortuna Düsseldorf;66800000.0;16
2019_Bundesliga;2019_1.FC Union Berlin;30000000.0;17
2019_Bundesliga;2019_SC Paderborn 07;21200000.0;18
2018_Serie A;2018_Juventus FC;733500000.0;1
2018_Serie A;2018_SSC Napoli;594000000.0;2
2018_Serie A;2018_Inter Milan;552000000.0;3
2018_Serie A;2018_AC Milan;530000000.0;4
2018_Serie A;2018_AS Roma;380000000.0;5
2018_Serie A;2018_Atalanta BC;286600000.0;6
2018_Serie A;2018_SS Lazio;281800000.0;7
2018_Serie A;2018_ACF Fiorentina;263200000.0;8
2018_Serie A;2018_UC Sampdoria;204500000.0;9
2018_Serie A;2018_US Sassuolo;175300000.0;10
2018_Serie A;2018_Torino FC;169000000.0;11
2018_Serie A;2018_Genoa CFC;166300000.0;12
2018_Serie A;2018_Udinese Calcio;152250000.0;13
2018_Serie A;2018_Cagliari Calcio;138500000.0;14
2018_Serie A;2018_Bologna FC 1909;101050000.0;15
2018_Serie A;2018_FC Empoli;92000000.0;16
2018_Serie A;2018_Parma Calcio 1913;78000000.0;17
2018_Serie A;2018_SPAL;74500000.0;18
2018_Serie A;2018_Frosinone Calcio;41250000.0;19
2018_Serie A;2018_Chievo Verona;36000000.0;20
2018_Premier League;2018_Manchester City;1187500000.0;1
2018_Premier League;2018_Liverpool FC;1112000000.0;2
2018_Premier League;2018_Chelsea FC;1012250000.0;3
2018_Premier League;2018_Tottenham Hotspur;894000000.0;4
2018_Premier League;2018_Manchester United;779500000.0;5
2018_Premier League;2018_Arsenal FC;637000000.0;6
2018_Premier League;2018_Everton FC;439000000.0;7
2018_Premier League;2018_Leicester City;399500000.0;8
2018_Premier League;2018_West Ham United;340500000.0;9
2018_Premier League;2018_AFC Bournemouth;288000000.0;10
2018_Premier League;2018_Crystal Palace;276000000.0;11
2018_Premier League;2018_Southampton FC;275000000.0;12
2018_Premier League;2018_Wolverhampton Wanderers;237000000.0;13
2018_Premier League;2018_Fulham FC;229750000.0;14
2018_Premier League;2018_Newcastle United;192500000.0;15
2018_Premier League;2018_Burnley FC;192000000.0;16
2018_Premier League;2018_Watford FC;187200000.0;17
2018_Premier League;2018_Brighton & Hove Albion;182000000.0;18
2018_Premier League;2018_Huddersfield Town;109000000.0;19
2018_Premier League;2018_Cardiff City;101500000.0;20
2018_Ligue 1;2018_Paris Saint-Germain;727000000.0;1
2018_Ligue 1;2018_Olympique Lyon;377000000.0;2
2018_Ligue 1;2018_AS Monaco;339450000.0;3
2018_Ligue 1;2018_LOSC Lille;248500000.0;4
2018_Ligue 1;2018_Olympique Marseille;243500000.0;5
2018_Ligue 1;2018_OGC Nice;177000000.0;6
2018_Ligue 1;2018_FC Girondins Bordeaux;151450000.0;7
2018_Ligue 1;2018_Stade Rennais FC;150750000.0;8
2018_Ligue 1;2018_AS Saint-Étienne;107500000.0;9
2018_Ligue 1;2018_FC Nantes;107000000.0;10
2018_Ligue 1;2018_RC Strasbourg Alsace;93300000.0;11
2018_Ligue 1;2018_Montpellier HSC;92800000.0;12
2018_Ligue 1;2018_Nîmes Olympique;85500000.0;13
2018_Ligue 1;2018_FC Toulouse;80750000.0;14
2018_Ligue 1;2018_Stade Reims;79250000.0;15
2018_Ligue 1;2018_Amiens SC;66250000.0;16
2018_Ligue 1;2018_EA Guingamp;62000000.0;17
2018_Ligue 1;2018_Angers SCO;56250000.0;18
2018_Ligue 1;2018_SM Caen;54800000.0;19
2018_Ligue 1;2018_Dijon FCO;53250000.0;20
2018_LaLiga;2018_FC Barcelona;1112500000.0;1
2018_LaLiga;2018_Atlético de Madrid;964500000.0;2
2018_LaLiga;2018_Real Madrid;878000000.0;3
2018_LaLiga;2018_Valencia CF;417500000.0;4
2018_LaLiga;2018_Real Sociedad;299500000.0;5
2018_LaLiga;2018_Real Betis Balompié;286000000.0;6
2018_LaLiga;2018_Sevilla FC;279500000.0;7
2018_LaLiga;2018_Celta de Vigo;232700000.0;8
2018_LaLiga;2018_Athletic Bilbao;231500000.0;9
2018_LaLiga;2018_Villarreal CF;216500000.0;10
2018_LaLiga;2018_RCD Espanyol Barcelona;159000000.0;11
2018_LaLiga;2018_Getafe CF;105000000.0;12
2018_LaLiga;2018_Deportivo Alavés;102200000.0;13
2018_LaLiga;2018_CD Leganés;99500000.0;14
2018_LaLiga;2018_Levante UD;93000000.0;15
2018_LaLiga;2018_Girona FC;85000000.0;16
2018_LaLiga;2018_SD Eibar;84800000.0;17
2018_LaLiga;2018_Real Valladolid CF;71500000.0;18
2018_LaLiga;2018_Rayo Vallecano;58800000.0;19
2018_LaLiga;2018_SD Huesca;54400000.0;20
2018_Bundesliga;2018_Bayern Munich;757000000.0;1
2018_Bundesliga;2018_Borussia Dortmund;629000000.0;2
2018_Bundesliga;2018_RB Leipzig;475500000.0;3
2018_Bundesliga;2018_Bayer 04 Leverkusen;412500000.0;4
2018_Bundesliga;2018_TSG 1899 Hoffenheim;332500000.0;5
2018_Bundesliga;2018_Borussia Mönchengladbach;261500000.0;6
2018_Bundesliga;2018_Eintracht Frankfurt;253300000.0;7
2018_Bundesliga;2018_FC Schalke 04;217000000.0;8
2018_Bundesliga;2018_VfL Wolfsburg;197500000.0;9
2018_Bundesliga;2018_Hertha BSC;185250000.0;10
2018_Bundesliga;2018_SV Werder Bremen;161750000.0;11
2018_Bundesliga;2018_1.FSV Mainz 05;153000000.0;12
2018_Bundesliga;2018_FC Augsburg;131750000.0;13
2018_Bundesliga;2018_VfB Stuttgart;130250000.0;14
2018_Bundesliga;2018_SC Freiburg;110250000.0;15
2018_Bundesliga;2018_Hannover 96;81250000.0;16
2018_Bundesliga;2018_Fortuna Düsseldorf;73750000.0;17
2018_Bundesliga;2018_1.FC Nuremberg;50500000.0;18
